. 2026-10-06 11:15:29.919 --------------------------------------------------------------------------
. 2026-10-06 11:15:29.920 WinSCP 버전 6.5.7 (빌드 16562 2026-09-09) (OS 10.0.19045 – Windows 10 Pro)
. 2026-10-06 11:15:29.920 Configuration: HKCU\Software\Martin Prikryl\WinSCP 2\
. 2026-10-06 11:15:29.920 Log level: Normal
. 2026-10-06 11:15:29.920 Local account: DESKTOP-LIUMSPA\82104
. 2026-10-06 11:15:29.920 Working directory: E:\김태호\업체별 작업\두골비\www
. 2026-10-06 11:15:29.920 Process ID: 10884
. 2026-10-06 11:15:29.940 Ancestor processes: WinSCP, cmd, powershell, Code, Code, explorer, ...
. 2026-10-06 11:15:29.941 Command-line: "C:\Program Files (x86)\WinSCP\WinSCP.exe" /console=6.5.7 /consoleinstance=_26136_607 "/script=E:\김태호\업체별 작업\두골비\www\deploy.txt" "/log=E:\김태호\업체별 작업\두골비\www\deploy.log" 
. 2026-10-06 11:15:29.941 Time zone: Current: GMT+9 (대한민국 표준시), No DST
. 2026-10-06 11:15:29.941 Login time: 2026년 10월 6일 화요일 오전 11:15:29
. 2026-10-06 11:15:29.941 --------------------------------------------------------------------------
. 2026-10-06 11:15:29.941 Script: Retrospectively logging previous script records:
> 2026-10-06 11:15:29.941 Script: option batch abort
< 2026-10-06 11:15:29.942 Script: batch           abort     
> 2026-10-06 11:15:29.942 Script: option confirm off
< 2026-10-06 11:15:29.942 Script: confirm         off       
> 2026-10-06 11:15:29.942 Script: open "DUGOLBI-cafe24"
. 2026-10-06 11:15:29.942 --------------------------------------------------------------------------
. 2026-10-06 11:15:29.942 Session name: DUGOLBI-cafe24 (Ad-Hoc site)
. 2026-10-06 11:15:29.942 Host name: DUGOLBI-cafe24 (Port: 22)
. 2026-10-06 11:15:29.942 User name:  (Password: No, Key file: No, Passphrase: No)
. 2026-10-06 11:15:29.942 Tunnel: No
. 2026-10-06 11:15:29.942 Transfer Protocol: SFTP (SCP)
. 2026-10-06 11:15:29.942 Ping type: Off, Ping interval: 30 sec; Timeout: 15 sec
. 2026-10-06 11:15:29.942 Disable Nagle: No
. 2026-10-06 11:15:29.942 Proxy: None
. 2026-10-06 11:15:29.942 Send buffer: 262144
. 2026-10-06 11:15:29.942 Compression: No
. 2026-10-06 11:15:29.942 Bypass authentication: No
. 2026-10-06 11:15:29.942 Try agent: Yes; Agent forwarding: No; KI: Yes; GSSAPI: Yes
. 2026-10-06 11:15:29.942 GSSAPI: KEX: No; Forwarding: No; Libs: gssapi32,sspi,custom; Custom: 
. 2026-10-06 11:15:29.942 Ciphers: aes,chacha20,aesgcm,3des,WARN,des,blowfish,arcfour; Ssh2DES: No
. 2026-10-06 11:15:29.942 KEX: ntru-curve25519,mlkem-curve25519,mlkem-nist,ecdh,dh-gex-sha1,dh-group18-sha512,dh-group17-sha512,dh-group16-sha512,dh-group15-sha512,dh-group14-sha1,rsa,WARN,dh-group1-sha1
. 2026-10-06 11:15:29.942 SSH Bugs: Auto,Auto,Auto,Auto,Auto,Auto,Auto,Auto,Auto,Auto
. 2026-10-06 11:15:29.942 Simple channel: Yes
. 2026-10-06 11:15:29.942 Return code variable: Autodetect; Lookup user groups: Auto
. 2026-10-06 11:15:29.942 Shell: default
. 2026-10-06 11:15:29.942 EOL: LF, UTF: Auto
. 2026-10-06 11:15:29.942 Clear aliases: Yes, Unset nat.vars: Yes, Resolve symlinks: Yes; Follow directory symlinks: No
. 2026-10-06 11:15:29.942 LS: ls -la, Ign LS warn: Yes, Scp1 Comp: No; Exit code 1 is error: No
. 2026-10-06 11:15:29.943 SFTP Bugs: Auto,Auto
. 2026-10-06 11:15:29.943 SFTP Server: default
. 2026-10-06 11:15:29.943 Local directory: default, Remote directory: home, Update: Yes, Cache: Yes
. 2026-10-06 11:15:29.943 Cache directory changes: Yes, Permanent: Yes
. 2026-10-06 11:15:29.943 Recycle bin: Delete to: No, Overwritten to: No, Bin path: 
. 2026-10-06 11:15:29.943 DST mode: Unix
. 2026-10-06 11:15:29.943 --------------------------------------------------------------------------
< 2026-10-06 11:15:29.943 Script: 호스트를 찾는 중...
. 2026-10-06 11:15:29.944 Looking up host "DUGOLBI-cafe24" for SSH connection
< 2026-10-06 11:15:32.238 Script: "DUGOLBI-cafe24" 호스트가 존재하지 않습니다.
. 2026-10-06 11:17:48.314 --------------------------------------------------------------------------
. 2026-10-06 11:17:48.314 WinSCP 버전 6.5.7 (빌드 16562 2026-09-09) (OS 10.0.19045 – Windows 10 Pro)
. 2026-10-06 11:17:48.314 Configuration: HKCU\Software\Martin Prikryl\WinSCP 2\
. 2026-10-06 11:17:48.314 Log level: Normal
. 2026-10-06 11:17:48.314 Local account: DESKTOP-LIUMSPA\82104
. 2026-10-06 11:17:48.314 Working directory: E:\김태호\업체별 작업\두골비\www
. 2026-10-06 11:17:48.314 Process ID: 28780
. 2026-10-06 11:17:48.334 Ancestor processes: WinSCP, cmd, powershell, Code, Code, explorer, ...
. 2026-10-06 11:17:48.335 Command-line: "C:\Program Files (x86)\WinSCP\WinSCP.exe" /console=6.5.7 /consoleinstance=_11128_456 "/script=E:\김태호\업체별 작업\두골비\www\deploy.txt" "/log=E:\김태호\업체별 작업\두골비\www\deploy.log" 
. 2026-10-06 11:17:48.335 Time zone: Current: GMT+9 (대한민국 표준시), No DST
. 2026-10-06 11:17:48.335 Login time: 2026년 10월 6일 화요일 오전 11:17:48
. 2026-10-06 11:17:48.335 --------------------------------------------------------------------------
. 2026-10-06 11:17:48.335 Script: Retrospectively logging previous script records:
> 2026-10-06 11:17:48.335 Script: option batch abort
< 2026-10-06 11:17:48.335 Script: batch           abort     
> 2026-10-06 11:17:48.335 Script: option confirm off
< 2026-10-06 11:17:48.335 Script: confirm         off       
> 2026-10-06 11:17:48.335 Script: open "DUCOLBI-cafe24"
< 2026-10-06 11:17:48.335 Script: 스크립트에서는 저장한 사이트 지정할 수 없으므로 대신 다음 명령을 사용해야합니다:
< 2026-10-06 11:17:48.335 Script: open ftp://woc288@woc288.mycafe24.com/
. 2026-10-06 11:17:48.335 --------------------------------------------------------------------------
. 2026-10-06 11:17:48.335 Session name: DUCOLBI-cafe24 (Site)
. 2026-10-06 11:17:48.335 Host name: woc288.mycafe24.com (Port: 21)
. 2026-10-06 11:17:48.335 User name: woc288 (Password: No, Key file: No, Passphrase: No)
. 2026-10-06 11:17:48.335 Transfer Protocol: FTP
. 2026-10-06 11:17:48.335 Ping type: Dummy, Ping interval: 30 sec; Timeout: 15 sec
. 2026-10-06 11:17:48.335 Disable Nagle: No
. 2026-10-06 11:17:48.335 Proxy: None
. 2026-10-06 11:17:48.335 Send buffer: 262144
. 2026-10-06 11:17:48.335 UTF: Auto
. 2026-10-06 11:17:48.335 FTPS: None [Client certificate: No]
. 2026-10-06 11:17:48.335 FTP: Passive: Yes [Force IP: Auto]; MLSD: Auto [List all: Auto]; HOST: Auto
. 2026-10-06 11:17:48.335 Local directory: default, Remote directory: home, Update: Yes, Cache: Yes
. 2026-10-06 11:17:48.335 Cache directory changes: Yes, Permanent: Yes
. 2026-10-06 11:17:48.335 Recycle bin: Delete to: No, Overwritten to: No, Bin path: 
. 2026-10-06 11:17:48.336 Timezone offset: 0h 0m
. 2026-10-06 11:17:48.336 --------------------------------------------------------------------------
< 2026-10-06 11:17:48.349 Script: woc288.mycafe24.com에 접속 중...
. 2026-10-06 11:17:48.349 woc288.mycafe24.com에 접속 중...
. 2026-10-06 11:17:48.366 woc288.mycafe24.com에 접속되었습니다. 환영 메시지를 기다리는 중 입니다...
< 2026-10-06 11:17:48.375 220 222.122.39.25 FTP server ready
> 2026-10-06 11:17:48.375 USER woc288
< 2026-10-06 11:17:48.383 331 Password required for woc288
> 2026-10-06 11:17:52.766 PASS ********
< 2026-10-06 11:17:52.808 230 User woc288 logged in
> 2026-10-06 11:17:52.808 SYST
< 2026-10-06 11:17:52.816 215 UNIX Type: L8
> 2026-10-06 11:17:52.816 FEAT
< 2026-10-06 11:17:52.827 211-Features:
< 2026-10-06 11:17:52.827  CLNT
< 2026-10-06 11:17:52.827  EPRT
< 2026-10-06 11:17:52.827  EPSV
< 2026-10-06 11:17:52.827  HOST
< 2026-10-06 11:17:52.827  LANG en-US*;ko-KR
< 2026-10-06 11:17:52.827  MDTM
< 2026-10-06 11:17:52.827  REST STREAM
< 2026-10-06 11:17:52.827  SIZE
< 2026-10-06 11:17:52.827  UTF8
< 2026-10-06 11:17:52.827 211 End
> 2026-10-06 11:17:52.828 CLNT WinSCP-release-6.5.7
< 2026-10-06 11:17:52.835 200 OK
> 2026-10-06 11:17:52.835 OPTS UTF8 ON
< 2026-10-06 11:17:52.843 200 UTF8 set to on
< 2026-10-06 11:17:52.843 Script: 접속되었습니다
. 2026-10-06 11:17:52.843 접속되었습니다
. 2026-10-06 11:17:52.843 --------------------------------------------------------------------------
. 2026-10-06 11:17:52.843 Using FTP protocol.
. 2026-10-06 11:17:52.844 Doing startup conversation with host.
< 2026-10-06 11:17:52.844 Script: 세션을 시작하는 중...
> 2026-10-06 11:17:52.844 PWD
< 2026-10-06 11:17:52.852 257 "/www" is the current directory
. 2026-10-06 11:17:52.852 Getting current directory name.
. 2026-10-06 11:17:52.852 Startup conversation with host finished.
< 2026-10-06 11:17:52.852 Script: 세션이 시작되었습니다.
< 2026-10-06 11:17:52.852 Script: 활성화된 세션: [1] DUCOLBI-cafe24
> 2026-10-06 11:17:52.853 Script: lcd "E:\김태호\업체별 작업\두골비\www"
< 2026-10-06 11:17:52.853 Script: E:\김태호\업체별 작업\두골비\www
> 2026-10-06 11:17:52.853 Script: cd /www
. 2026-10-06 11:17:52.853 Changing directory to "/www".
> 2026-10-06 11:17:52.853 CWD /www
< 2026-10-06 11:17:52.860 250 CWD command successful
. 2026-10-06 11:17:52.860 Getting current directory name.
> 2026-10-06 11:17:52.860 PWD
< 2026-10-06 11:17:52.869 257 "/www" is the current directory
< 2026-10-06 11:17:52.869 Script: /www
> 2026-10-06 11:17:52.869 Script: synchronize remote -filemask="| .git/; .codex/; .agents/; ai/; font/; .gitignore; AGENTS.md; DELIVERY_CHECK.md; PC-REFACTOR.md; CSS_MERGE_PROGRESS.md; RESPONSIVE_PROGRESS.md; deploy.bat; deploy.txt; deploy.log; router.php; www.zip"
< 2026-10-06 11:17:52.870 Script: 비교 중...
. 2026-10-06 11:17:52.870 Collecting synchronization list for local directory 'E:\김태호\업체별 작업\두골비\www' and remote directory '/www', mode = Remote, params = 0x2 (NoConfirmation), file mask = '| .git/; .codex/; .agents/; ai/; font/; .gitignore; AGENTS.md; DELIVERY_CHECK.md; PC-REFACTOR.md; CSS_MERGE_PROGRESS.md; RESPONSIVE_PROGRESS.md; deploy.bat; deploy.txt; deploy.log; router.php; www.zip'
. 2026-10-06 11:17:52.870 Local file 'E:\김태호\업체별 작업\두골비\www\.' [2026-10-06T02:15:29.919Z] [0] excluded from synchronization
. 2026-10-06 11:17:52.870 Local file 'E:\김태호\업체별 작업\두골비\www\..' [2026-10-06T02:15:29.919Z] [0] excluded from synchronization
. 2026-10-06 11:17:52.870 Local file 'E:\김태호\업체별 작업\두골비\www\.agents' [2026-10-02T01:12:55.528Z] [0] excluded from synchronization
. 2026-10-06 11:17:52.870 Local file 'E:\김태호\업체별 작업\두골비\www\.codex' [2026-10-02T01:12:56.477Z] [0] excluded from synchronization
. 2026-10-06 11:17:52.870 Local file 'E:\김태호\업체별 작업\두골비\www\.git' [2026-10-06T02:17:45.621Z] [0] excluded from synchronization
. 2026-10-06 11:17:52.870 Local file 'E:\김태호\업체별 작업\두골비\www\.gitignore' [2026-10-02T06:14:27.026Z] [9] excluded from synchronization
. 2026-10-06 11:17:52.870 Local file 'E:\김태호\업체별 작업\두골비\www\advanced.html' [2026-10-06T00:12:29.199Z] [10889] included to synchronization
. 2026-10-06 11:17:52.870 Local file 'E:\김태호\업체별 작업\두골비\www\AGENTS.md' [2026-10-06T00:12:29.186Z] [7281] excluded from synchronization
. 2026-10-06 11:17:52.870 Local file 'E:\김태호\업체별 작업\두골비\www\ai' [2026-09-28T00:48:02.677Z] [0] excluded from synchronization
. 2026-10-06 11:17:52.870 Local file 'E:\김태호\업체별 작업\두골비\www\brand-story.html' [2026-10-06T00:12:29.201Z] [24168] included to synchronization
. 2026-10-06 11:17:52.871 Local file 'E:\김태호\업체별 작업\두골비\www\css' [2026-10-06T00:12:29.205Z] [0] included to synchronization
. 2026-10-06 11:17:52.871 Local file 'E:\김태호\업체별 작업\두골비\www\CSS_MERGE_PROGRESS.md' [2026-10-06T00:12:29.188Z] [9686] excluded from synchronization
. 2026-10-06 11:17:52.871 Local file 'E:\김태호\업체별 작업\두골비\www\DELIVERY_CHECK.md' [2026-10-06T00:12:29.190Z] [11009] excluded from synchronization
. 2026-10-06 11:17:52.871 Local file 'E:\김태호\업체별 작업\두골비\www\deploy.bat' [2026-10-06T02:10:35.726Z] [1647] excluded from synchronization
. 2026-10-06 11:17:52.871 Local file 'E:\김태호\업체별 작업\두골비\www\deploy.log' [2026-10-06T02:15:32.238Z] [4003] excluded from synchronization
. 2026-10-06 11:17:52.871 Local file 'E:\김태호\업체별 작업\두골비\www\deploy.txt' [2026-10-06T02:17:30.550Z] [368] excluded from synchronization
. 2026-10-06 11:17:52.871 Local file 'E:\김태호\업체별 작업\두골비\www\font' [2026-09-18T06:37:37.462Z] [0] excluded from synchronization
. 2026-10-06 11:17:52.871 Local file 'E:\김태호\업체별 작업\두골비\www\footer.html' [2026-10-06T02:14:51.728Z] [2917] included to synchronization
. 2026-10-06 11:17:52.871 Local file 'E:\김태호\업체별 작업\두골비\www\growth.html' [2026-10-06T00:12:29.208Z] [12453] included to synchronization
. 2026-10-06 11:17:52.871 Local file 'E:\김태호\업체별 작업\두골비\www\header.html' [2026-10-02T09:12:51.701Z] [20776] included to synchronization
. 2026-10-06 11:17:52.871 Local file 'E:\김태호\업체별 작업\두골비\www\images' [2026-10-01T06:18:21.194Z] [0] included to synchronization
. 2026-10-06 11:17:52.871 Local file 'E:\김태호\업체별 작업\두골비\www\index.html' [2026-10-06T00:12:29.225Z] [45395] included to synchronization
. 2026-10-06 11:17:52.871 Local file 'E:\김태호\업체별 작업\두골비\www\inquiry-session.php' [2026-10-06T00:12:29.226Z] [435] included to synchronization
. 2026-10-06 11:17:52.871 Local file 'E:\김태호\업체별 작업\두골비\www\introduce-educators.html' [2026-10-06T00:12:29.273Z] [13386] included to synchronization
. 2026-10-06 11:17:52.871 Local file 'E:\김태호\업체별 작업\두골비\www\introduce.html' [2026-10-06T00:12:29.275Z] [9208] included to synchronization
. 2026-10-06 11:17:52.871 Local file 'E:\김태호\업체별 작업\두골비\www\js' [2026-10-06T00:12:29.304Z] [0] included to synchronization
. 2026-10-06 11:17:52.871 Local file 'E:\김태호\업체별 작업\두골비\www\mail-send.php' [2026-10-06T00:12:29.306Z] [7925] included to synchronization
. 2026-10-06 11:17:52.871 Local file 'E:\김태호\업체별 작업\두골비\www\montly-detail.html' [2026-10-06T00:12:29.309Z] [1947] included to synchronization
. 2026-10-06 11:17:52.871 Local file 'E:\김태호\업체별 작업\두골비\www\montly.html' [2026-10-06T00:12:29.311Z] [2280] included to synchronization
. 2026-10-06 11:17:52.871 Local file 'E:\김태호\업체별 작업\두골비\www\network.html' [2026-10-06T00:12:29.313Z] [15357] included to synchronization
. 2026-10-06 11:17:52.871 Local file 'E:\김태호\업체별 작업\두골비\www\news.html' [2026-10-06T00:12:29.316Z] [2600] included to synchronization
. 2026-10-06 11:17:52.871 Local file 'E:\김태호\업체별 작업\두골비\www\notice.html' [2026-10-06T00:12:29.318Z] [2626] included to synchronization
. 2026-10-06 11:17:52.871 Local file 'E:\김태호\업체별 작업\두골비\www\PC-REFACTOR.md' [2026-10-06T00:12:29.195Z] [6715] excluded from synchronization
. 2026-10-06 11:17:52.871 Local file 'E:\김태호\업체별 작업\두골비\www\promotion-detail.html' [2026-10-06T00:12:29.320Z] [1755] included to synchronization
. 2026-10-06 11:17:52.871 Local file 'E:\김태호\업체별 작업\두골비\www\promotion-preview.html' [2026-10-06T00:12:29.322Z] [2587] included to synchronization
. 2026-10-06 11:17:52.871 Local file 'E:\김태호\업체별 작업\두골비\www\qna.html' [2026-10-06T00:12:29.324Z] [2599] included to synchronization
. 2026-10-06 11:17:52.871 Local file 'E:\김태호\업체별 작업\두골비\www\RESPONSIVE_PROGRESS.md' [2026-10-06T00:12:29.197Z] [26077] excluded from synchronization
. 2026-10-06 11:17:52.871 Local file 'E:\김태호\업체별 작업\두골비\www\results.html' [2026-10-06T00:12:29.326Z] [10210] included to synchronization
. 2026-10-06 11:17:52.871 Local file 'E:\김태호\업체별 작업\두골비\www\review.html' [2026-10-06T00:12:29.328Z] [2635] included to synchronization
. 2026-10-06 11:17:52.871 Local file 'E:\김태호\업체별 작업\두골비\www\router.php' [2026-10-06T00:12:29.330Z] [778] excluded from synchronization
. 2026-10-06 11:17:52.871 Local file 'E:\김태호\업체별 작업\두골비\www\schedule.html' [2026-10-06T00:12:29.333Z] [5609] included to synchronization
. 2026-10-06 11:17:52.871 Local file 'E:\김태호\업체별 작업\두골비\www\signature01.html' [2026-10-06T00:12:29.335Z] [13826] included to synchronization
. 2026-10-06 11:17:52.872 Local file 'E:\김태호\업체별 작업\두골비\www\signature02.html' [2026-10-06T00:12:29.336Z] [11627] included to synchronization
. 2026-10-06 11:17:52.872 Local file 'E:\김태호\업체별 작업\두골비\www\signature03.html' [2026-10-06T00:12:29.339Z] [13956] included to synchronization
. 2026-10-06 11:17:52.872 Local file 'E:\김태호\업체별 작업\두골비\www\startup.html' [2026-10-06T00:12:29.341Z] [10080] included to synchronization
. 2026-10-06 11:17:52.872 Local file 'E:\김태호\업체별 작업\두골비\www\www.zip' [2026-10-02T04:02:13.559Z] [406444341] excluded from synchronization
. 2026-10-06 11:17:52.872 디렉터리 목록을 가져오는 중...
> 2026-10-06 11:17:52.873 TYPE A
< 2026-10-06 11:17:52.880 200 Type set to A
> 2026-10-06 11:17:52.880 PASV
< 2026-10-06 11:17:52.887 227 Entering Passive Mode (222,122,39,25,139,69).
> 2026-10-06 11:17:52.887 LIST -a
. 2026-10-06 11:17:52.887 222.122.39.25:35653에 접속 중...
< 2026-10-06 11:17:52.905 150 Opening ASCII mode data connection for file list
. 2026-10-06 11:17:52.906 drwxr-x---   5 woc288   woc288       4096 Oct  6 10:25 .
. 2026-10-06 11:17:52.906 drwx------   3 woc288   woc288       4096 Oct  2 17:50 ..
. 2026-10-06 11:17:52.906 -rw-r--r--   1 woc288   woc288      10744 Oct  6 10:01 advanced.html
. 2026-10-06 11:17:52.906 -rw-r--r--   1 woc288   woc288      23821 Oct  6 10:01 brand-story.html
. 2026-10-06 11:17:52.906 drwxr-xr-x   2 woc288   woc288       4096 Oct  2 17:52 css
. 2026-10-06 11:17:52.906 -rw-r--r--   1 woc288   woc288       2792 Oct  6 10:01 footer.html
. 2026-10-06 11:17:52.906 -rw-r--r--   1 woc288   woc288      12321 Oct  6 10:01 growth.html
. 2026-10-06 11:17:52.906 -rw-r--r--   1 woc288   woc288      20227 Oct  6 10:01 header.html
. 2026-10-06 11:17:52.907 drwxr-xr-x  18 woc288   woc288       4096 Oct  2 17:52 images
. 2026-10-06 11:17:52.907 -rw-r--r--   1 woc288   woc288      44514 Oct  6 10:01 index.html
. 2026-10-06 11:17:52.907 -rw-r--r--   1 woc288   woc288        420 Oct  6 10:25 inquiry-session.php
. 2026-10-06 11:17:52.907 -rw-r--r--   1 woc288   woc288      13203 Oct  6 10:01 introduce-educators.html
. 2026-10-06 11:17:52.907 -rw-r--r--   1 woc288   woc288       9086 Oct  6 10:01 introduce.html
. 2026-10-06 11:17:52.907 drwxr-xr-x   2 woc288   woc288       4096 Oct  2 17:52 js
. 2026-10-06 11:17:52.907 -rw-r--r--   1 woc288   woc288       7618 Oct  6 10:01 mail-send.php
. 2026-10-06 11:17:52.907 -rw-r--r--   1 woc288   woc288       1906 Oct  6 10:00 montly-detail.html
. 2026-10-06 11:17:52.907 -rw-r--r--   1 woc288   woc288       2238 Oct  6 10:01 montly.html
. 2026-10-06 11:17:52.907 -rw-r--r--   1 woc288   woc288      15046 Oct  6 10:00 network.html
. 2026-10-06 11:17:52.907 -rw-r--r--   1 woc288   woc288       2561 Oct  6 10:00 news.html
. 2026-10-06 11:17:52.907 -rw-r--r--   1 woc288   woc288       2587 Oct  6 10:00 notice.html
. 2026-10-06 11:17:52.907 -rw-r--r--   1 woc288   woc288       1725 Oct  6 10:00 promotion-detail.html
. 2026-10-06 11:17:52.907 -rw-r--r--   1 woc288   woc288       2549 Oct  6 10:00 promotion-preview.html
. 2026-10-06 11:17:52.907 -rw-r--r--   1 woc288   woc288       2560 Oct  6 10:00 qna.html
. 2026-10-06 11:17:52.907 -rw-r--r--   1 woc288   woc288      10037 Oct  6 10:00 results.html
. 2026-10-06 11:17:52.907 -rw-r--r--   1 woc288   woc288       2596 Oct  6 10:00 review.html
. 2026-10-06 11:17:52.907 -rw-r--r--   1 woc288   woc288       7506 Oct  6 10:54 schedule.html
. 2026-10-06 11:17:52.907 -rw-r--r--   1 woc288   woc288      13544 Oct  2 17:52 signature.html
. 2026-10-06 11:17:52.907 -rw-r--r--   1 woc288   woc288      13545 Oct  6 10:00 signature01.html
. 2026-10-06 11:17:52.907 -rw-r--r--   1 woc288   woc288      11371 Oct  6 10:01 signature02.html
. 2026-10-06 11:17:52.907 -rw-r--r--   1 woc288   woc288      13674 Oct  6 10:01 signature03.html
. 2026-10-06 11:17:52.907 -rw-r--r--   1 woc288   woc288       9953 Oct  6 10:01 startup.html
. 2026-10-06 11:17:52.907 Data connection closed
< 2026-10-06 11:17:52.915 226 Transfer complete
. 2026-10-06 11:17:52.915 디렉터리 목록 획득을 성공하였습니다
. 2026-10-06 11:17:52.915 Detecting timezone difference...
. 2026-10-06 11:17:52.915 파일 정보 검색 중...
> 2026-10-06 11:17:52.915 PWD
< 2026-10-06 11:17:52.924 257 "/www" is the current directory
> 2026-10-06 11:17:52.924 CWD /www/advanced.html
< 2026-10-06 11:17:52.932 550 /www/advanced.html: Not a directory
> 2026-10-06 11:17:52.932 TYPE I
< 2026-10-06 11:17:52.940 200 Type set to I
> 2026-10-06 11:17:52.940 SIZE /www/advanced.html
< 2026-10-06 11:17:52.948 213 10744
> 2026-10-06 11:17:52.948 MDTM /www/advanced.html
< 2026-10-06 11:17:52.954 213 20261006010100
. 2026-10-06 11:17:52.954 파일 정보 검색을 성공 하였습니다
. 2026-10-06 11:17:52.954 No timezone difference detected using file /www/advanced.html (Listing: 2026-10-06T01:01:00.000Z, UTC: 2026-10-06T01:01:00.000Z)
. 2026-10-06 11:17:52.955 ..;D;0;1899-12-30T09:00:00.000Z;0;"" [0];"" [0];---------;0
. 2026-10-06 11:17:52.955 advanced.html;-;10744;2026-10-06T01:01:00.000Z;1;"woc288" [0];"woc288" [0];rw-r--r--;0
. 2026-10-06 11:17:52.955 brand-story.html;-;23821;2026-10-06T01:01:00.000Z;1;"woc288" [0];"woc288" [0];rw-r--r--;0
. 2026-10-06 11:17:52.955 css;D;0;2026-10-02T08:52:00.000Z;1;"woc288" [0];"woc288" [0];rwxr-xr-x;0
. 2026-10-06 11:17:52.955 footer.html;-;2792;2026-10-06T01:01:00.000Z;1;"woc288" [0];"woc288" [0];rw-r--r--;0
. 2026-10-06 11:17:52.955 growth.html;-;12321;2026-10-06T01:01:00.000Z;1;"woc288" [0];"woc288" [0];rw-r--r--;0
. 2026-10-06 11:17:52.955 header.html;-;20227;2026-10-06T01:01:00.000Z;1;"woc288" [0];"woc288" [0];rw-r--r--;0
. 2026-10-06 11:17:52.955 images;D;0;2026-10-02T08:52:00.000Z;1;"woc288" [0];"woc288" [0];rwxr-xr-x;0
. 2026-10-06 11:17:52.955 index.html;-;44514;2026-10-06T01:01:00.000Z;1;"woc288" [0];"woc288" [0];rw-r--r--;0
. 2026-10-06 11:17:52.955 inquiry-session.php;-;420;2026-10-06T01:25:00.000Z;1;"woc288" [0];"woc288" [0];rw-r--r--;0
. 2026-10-06 11:17:52.955 introduce-educators.html;-;13203;2026-10-06T01:01:00.000Z;1;"woc288" [0];"woc288" [0];rw-r--r--;0
. 2026-10-06 11:17:52.955 introduce.html;-;9086;2026-10-06T01:01:00.000Z;1;"woc288" [0];"woc288" [0];rw-r--r--;0
. 2026-10-06 11:17:52.955 js;D;0;2026-10-02T08:52:00.000Z;1;"woc288" [0];"woc288" [0];rwxr-xr-x;0
. 2026-10-06 11:17:52.955 mail-send.php;-;7618;2026-10-06T01:01:00.000Z;1;"woc288" [0];"woc288" [0];rw-r--r--;0
. 2026-10-06 11:17:52.955 montly-detail.html;-;1906;2026-10-06T01:00:00.000Z;1;"woc288" [0];"woc288" [0];rw-r--r--;0
. 2026-10-06 11:17:52.955 montly.html;-;2238;2026-10-06T01:01:00.000Z;1;"woc288" [0];"woc288" [0];rw-r--r--;0
. 2026-10-06 11:17:52.955 network.html;-;15046;2026-10-06T01:00:00.000Z;1;"woc288" [0];"woc288" [0];rw-r--r--;0
. 2026-10-06 11:17:52.955 news.html;-;2561;2026-10-06T01:00:00.000Z;1;"woc288" [0];"woc288" [0];rw-r--r--;0
. 2026-10-06 11:17:52.955 notice.html;-;2587;2026-10-06T01:00:00.000Z;1;"woc288" [0];"woc288" [0];rw-r--r--;0
. 2026-10-06 11:17:52.955 promotion-detail.html;-;1725;2026-10-06T01:00:00.000Z;1;"woc288" [0];"woc288" [0];rw-r--r--;0
. 2026-10-06 11:17:52.955 promotion-preview.html;-;2549;2026-10-06T01:00:00.000Z;1;"woc288" [0];"woc288" [0];rw-r--r--;0
. 2026-10-06 11:17:52.955 qna.html;-;2560;2026-10-06T01:00:00.000Z;1;"woc288" [0];"woc288" [0];rw-r--r--;0
. 2026-10-06 11:17:52.955 results.html;-;10037;2026-10-06T01:00:00.000Z;1;"woc288" [0];"woc288" [0];rw-r--r--;0
. 2026-10-06 11:17:52.955 review.html;-;2596;2026-10-06T01:00:00.000Z;1;"woc288" [0];"woc288" [0];rw-r--r--;0
. 2026-10-06 11:17:52.955 schedule.html;-;7506;2026-10-06T01:54:00.000Z;1;"woc288" [0];"woc288" [0];rw-r--r--;0
. 2026-10-06 11:17:52.955 signature.html;-;13544;2026-10-02T08:52:00.000Z;1;"woc288" [0];"woc288" [0];rw-r--r--;0
. 2026-10-06 11:17:52.955 signature01.html;-;13545;2026-10-06T01:00:00.000Z;1;"woc288" [0];"woc288" [0];rw-r--r--;0
. 2026-10-06 11:17:52.955 signature02.html;-;11371;2026-10-06T01:01:00.000Z;1;"woc288" [0];"woc288" [0];rw-r--r--;0
. 2026-10-06 11:17:52.955 signature03.html;-;13674;2026-10-06T01:01:00.000Z;1;"woc288" [0];"woc288" [0];rw-r--r--;0
. 2026-10-06 11:17:52.955 startup.html;-;9953;2026-10-06T01:01:00.000Z;1;"woc288" [0];"woc288" [0];rw-r--r--;0
. 2026-10-06 11:17:52.971 Remote file '/www/advanced.html' [2026-10-06T01:01:00.000Z] [10744] is modified comparing to local file 'E:\김태호\업체별 작업\두골비\www\advanced.html' [2026-10-06T00:12:29.199Z] [10889]
. 2026-10-06 11:17:52.971 Remote file '/www/brand-story.html' [2026-10-06T01:01:00.000Z] [23821] is modified comparing to local file 'E:\김태호\업체별 작업\두골비\www\brand-story.html' [2026-10-06T00:12:29.201Z] [24168]
. 2026-10-06 11:17:52.971 Collecting synchronization list for local directory 'E:\김태호\업체별 작업\두골비\www\css' and remote directory '/www/css', mode = Remote, params = 0x2 (NoConfirmation), file mask = '| .git/; .codex/; .agents/; ai/; font/; .gitignore; AGENTS.md; DELIVERY_CHECK.md; PC-REFACTOR.md; CSS_MERGE_PROGRESS.md; RESPONSIVE_PROGRESS.md; deploy.bat; deploy.txt; deploy.log; router.php; www.zip'
. 2026-10-06 11:17:52.972 Local file 'E:\김태호\업체별 작업\두골비\www\css\.' [2026-10-06T00:12:29.205Z] [0] excluded from synchronization
. 2026-10-06 11:17:52.972 Local file 'E:\김태호\업체별 작업\두골비\www\css\..' [2026-10-06T00:12:29.205Z] [0] excluded from synchronization
. 2026-10-06 11:17:52.972 Local file 'E:\김태호\업체별 작업\두골비\www\css\common.css' [2026-10-06T00:12:29.206Z] [225103] included to synchronization
. 2026-10-06 11:17:52.972 Local file 'E:\김태호\업체별 작업\두골비\www\css\reset.css' [2026-09-21T07:45:34.314Z] [1153] included to synchronization
. 2026-10-06 11:17:52.972 디렉터리 목록을 가져오는 중...
> 2026-10-06 11:17:52.972 CWD /www/css
< 2026-10-06 11:17:52.979 250 CWD command successful
> 2026-10-06 11:17:52.979 PWD
< 2026-10-06 11:17:52.987 257 "/www/css" is the current directory
> 2026-10-06 11:17:52.987 TYPE A
< 2026-10-06 11:17:52.994 200 Type set to A
> 2026-10-06 11:17:52.994 PASV
< 2026-10-06 11:17:53.002 227 Entering Passive Mode (222,122,39,25,143,187).
> 2026-10-06 11:17:53.002 LIST -a
. 2026-10-06 11:17:53.002 222.122.39.25:36795에 접속 중...
< 2026-10-06 11:17:53.019 150 Opening ASCII mode data connection for file list
. 2026-10-06 11:17:53.020 drwxr-xr-x   2 woc288   woc288       4096 Oct  2 17:52 .
. 2026-10-06 11:17:53.020 drwxr-x---   5 woc288   woc288       4096 Oct  6 10:25 ..
. 2026-10-06 11:17:53.020 -rw-r--r--   1 woc288   woc288     218630 Oct  6 10:01 common.css
. 2026-10-06 11:17:53.020 -rw-r--r--   1 woc288   woc288       1129 Oct  6 10:01 reset.css
. 2026-10-06 11:17:53.021 Data connection closed
< 2026-10-06 11:17:53.029 226 Transfer complete
. 2026-10-06 11:17:53.029 디렉터리 목록 획득을 성공하였습니다
. 2026-10-06 11:17:53.029 ..;D;0;1899-12-30T09:00:00.000Z;0;"" [0];"" [0];---------;0
. 2026-10-06 11:17:53.029 common.css;-;218630;2026-10-06T01:01:00.000Z;1;"woc288" [0];"woc288" [0];rw-r--r--;0
. 2026-10-06 11:17:53.029 reset.css;-;1129;2026-10-06T01:01:00.000Z;1;"woc288" [0];"woc288" [0];rw-r--r--;0
. 2026-10-06 11:17:53.038 Remote file '/www/css/common.css' [2026-10-06T01:01:00.000Z] [218630] is modified comparing to local file 'E:\김태호\업체별 작업\두골비\www\css\common.css' [2026-10-06T00:12:29.206Z] [225103]
. 2026-10-06 11:17:53.038 Remote file '/www/css/reset.css' [2026-10-06T01:01:00.000Z] [1129] is modified comparing to local file 'E:\김태호\업체별 작업\두골비\www\css\reset.css' [2026-09-21T07:45:34.314Z] [1153]
. 2026-10-06 11:17:53.038 Local file 'E:\김태호\업체별 작업\두골비\www\footer.html' [2026-10-06T02:14:51.728Z] [2917] is modified comparing to remote file '/www/footer.html' [2026-10-06T01:01:00.000Z] [2792]
. 2026-10-06 11:17:53.038 Remote file '/www/growth.html' [2026-10-06T01:01:00.000Z] [12321] is modified comparing to local file 'E:\김태호\업체별 작업\두골비\www\growth.html' [2026-10-06T00:12:29.208Z] [12453]
. 2026-10-06 11:17:53.038 Remote file '/www/header.html' [2026-10-06T01:01:00.000Z] [20227] is modified comparing to local file 'E:\김태호\업체별 작업\두골비\www\header.html' [2026-10-02T09:12:51.701Z] [20776]
. 2026-10-06 11:17:53.038 Collecting synchronization list for local directory 'E:\김태호\업체별 작업\두골비\www\images' and remote directory '/www/images', mode = Remote, params = 0x2 (NoConfirmation), file mask = '| .git/; .codex/; .agents/; ai/; font/; .gitignore; AGENTS.md; DELIVERY_CHECK.md; PC-REFACTOR.md; CSS_MERGE_PROGRESS.md; RESPONSIVE_PROGRESS.md; deploy.bat; deploy.txt; deploy.log; router.php; www.zip'
. 2026-10-06 11:17:53.039 Local file 'E:\김태호\업체별 작업\두골비\www\images\.' [2026-10-01T06:18:21.194Z] [0] excluded from synchronization
. 2026-10-06 11:17:53.039 Local file 'E:\김태호\업체별 작업\두골비\www\images\..' [2026-10-01T06:18:21.194Z] [0] excluded from synchronization
. 2026-10-06 11:17:53.039 Local file 'E:\김태호\업체별 작업\두골비\www\images\advanced' [2026-09-28T09:05:11.791Z] [0] included to synchronization
. 2026-10-06 11:17:53.039 Local file 'E:\김태호\업체별 작업\두골비\www\images\arrow-down.svg' [2026-09-22T04:52:20.134Z] [221] included to synchronization
. 2026-10-06 11:17:53.039 Local file 'E:\김태호\업체별 작업\두골비\www\images\arrow-right.svg' [2026-09-21T07:39:25.440Z] [602] included to synchronization
. 2026-10-06 11:17:53.039 Local file 'E:\김태호\업체별 작업\두골비\www\images\arrow.svg' [2026-09-21T02:53:04.229Z] [505] included to synchronization
. 2026-10-06 11:17:53.039 Local file 'E:\김태호\업체별 작업\두골비\www\images\brand-story' [2026-10-01T07:17:14.880Z] [0] included to synchronization
. 2026-10-06 11:17:53.039 Local file 'E:\김태호\업체별 작업\두골비\www\images\common' [2026-10-01T06:16:01.924Z] [0] included to synchronization
. 2026-10-06 11:17:53.039 Local file 'E:\김태호\업체별 작업\두골비\www\images\growth' [2026-09-29T00:56:45.731Z] [0] included to synchronization
. 2026-10-06 11:17:53.039 Local file 'E:\김태호\업체별 작업\두골비\www\images\introduce' [2026-10-06T00:12:29.222Z] [0] included to synchronization
. 2026-10-06 11:17:53.039 Local file 'E:\김태호\업체별 작업\두골비\www\images\introduce-educators' [2026-09-28T06:26:49.146Z] [0] included to synchronization
. 2026-10-06 11:17:53.039 Local file 'E:\김태호\업체별 작업\두골비\www\images\logo-black.svg' [2026-09-22T07:47:45.657Z] [13995] included to synchronization
. 2026-10-06 11:17:53.039 Local file 'E:\김태호\업체별 작업\두골비\www\images\logo-white.svg' [2026-09-22T07:47:35.180Z] [13995] included to synchronization
. 2026-10-06 11:17:53.039 Local file 'E:\김태호\업체별 작업\두골비\www\images\main' [2026-09-23T05:20:49.771Z] [0] included to synchronization
. 2026-10-06 11:17:53.039 Local file 'E:\김태호\업체별 작업\두골비\www\images\menu' [2026-10-01T06:18:14.162Z] [0] included to synchronization
. 2026-10-06 11:17:53.039 Local file 'E:\김태호\업체별 작업\두골비\www\images\montly' [2026-09-29T02:48:17.948Z] [0] included to synchronization
. 2026-10-06 11:17:53.039 Local file 'E:\김태호\업체별 작업\두골비\www\images\network' [2026-09-28T07:05:40.834Z] [0] included to synchronization
. 2026-10-06 11:17:53.039 Local file 'E:\김태호\업체별 작업\두골비\www\images\promotion' [2026-09-29T01:59:49.959Z] [0] included to synchronization
. 2026-10-06 11:17:53.039 Local file 'E:\김태호\업체별 작업\두골비\www\images\promotion-detail' [2026-10-01T01:46:28.801Z] [0] included to synchronization
. 2026-10-06 11:17:53.039 Local file 'E:\김태호\업체별 작업\두골비\www\images\promotion-preview' [2026-10-01T01:46:28.795Z] [0] included to synchronization
. 2026-10-06 11:17:53.039 Local file 'E:\김태호\업체별 작업\두골비\www\images\results' [2026-09-28T07:05:41.106Z] [0] included to synchronization
. 2026-10-06 11:17:53.039 Local file 'E:\김태호\업체별 작업\두골비\www\images\signature' [2026-09-28T07:05:41.293Z] [0] included to synchronization
. 2026-10-06 11:17:53.039 Local file 'E:\김태호\업체별 작업\두골비\www\images\startup' [2026-09-29T00:29:38.375Z] [0] included to synchronization
. 2026-10-06 11:17:53.040 디렉터리 목록을 가져오는 중...
> 2026-10-06 11:17:53.040 CWD /www/images
< 2026-10-06 11:17:53.047 250 CWD command successful
> 2026-10-06 11:17:53.047 PWD
< 2026-10-06 11:17:53.055 257 "/www/images" is the current directory
> 2026-10-06 11:17:53.055 TYPE A
< 2026-10-06 11:17:53.062 200 Type set to A
> 2026-10-06 11:17:53.062 PASV
< 2026-10-06 11:17:53.070 227 Entering Passive Mode (222,122,39,25,124,220).
> 2026-10-06 11:17:53.070 LIST -a
. 2026-10-06 11:17:53.070 222.122.39.25:31964에 접속 중...
< 2026-10-06 11:17:53.087 150 Opening ASCII mode data connection for file list
. 2026-10-06 11:17:53.089 drwxr-xr-x  18 woc288   woc288       4096 Oct  2 17:52 .
. 2026-10-06 11:17:53.089 drwxr-x---   5 woc288   woc288       4096 Oct  6 10:25 ..
. 2026-10-06 11:17:53.089 drwxr-xr-x   2 woc288   woc288       4096 Oct  2 17:51 advanced
. 2026-10-06 11:17:53.089 -rw-r--r--   1 woc288   woc288        221 Oct  6 10:01 arrow-down.svg
. 2026-10-06 11:17:53.089 -rw-r--r--   1 woc288   woc288        602 Oct  6 10:01 arrow-right.svg
. 2026-10-06 11:17:53.089 -rw-r--r--   1 woc288   woc288        505 Oct  6 10:01 arrow.svg
. 2026-10-06 11:17:53.089 drwxr-xr-x   2 woc288   woc288       4096 Oct  2 17:52 brand-story
. 2026-10-06 11:17:53.089 drwxr-xr-x   2 woc288   woc288       4096 Oct  2 17:52 common
. 2026-10-06 11:17:53.089 drwxr-xr-x   2 woc288   woc288       4096 Oct  2 17:52 growth
. 2026-10-06 11:17:53.089 drwxr-xr-x   2 woc288   woc288       4096 Oct  6 10:01 introduce
. 2026-10-06 11:17:53.089 drwxr-xr-x   2 woc288   woc288       4096 Oct  2 17:52 introduce-educators
. 2026-10-06 11:17:53.089 -rw-r--r--   1 woc288   woc288      13995 Oct  6 10:01 logo-black.svg
. 2026-10-06 11:17:53.089 -rw-r--r--   1 woc288   woc288      13995 Oct  6 10:01 logo-white.svg
. 2026-10-06 11:17:53.089 drwxr-xr-x   2 woc288   woc288       4096 Oct  2 17:52 main
. 2026-10-06 11:17:53.089 drwxr-xr-x   2 woc288   woc288       4096 Oct  2 17:52 menu
. 2026-10-06 11:17:53.089 drwxr-xr-x   2 woc288   woc288       4096 Oct  2 17:52 montly
. 2026-10-06 11:17:53.089 drwxr-xr-x   2 woc288   woc288       4096 Oct  2 17:52 network
. 2026-10-06 11:17:53.089 drwxr-xr-x   2 woc288   woc288       4096 Oct  2 17:52 promotion
. 2026-10-06 11:17:53.089 drwxr-xr-x   2 woc288   woc288       4096 Oct  2 17:52 promotion-detail
. 2026-10-06 11:17:53.089 drwxr-xr-x   2 woc288   woc288       4096 Oct  2 17:52 promotion-preview
. 2026-10-06 11:17:53.089 drwxr-xr-x   2 woc288   woc288       4096 Oct  2 17:52 results
. 2026-10-06 11:17:53.089 drwxr-xr-x   2 woc288   woc288       4096 Oct  2 17:52 signature
. 2026-10-06 11:17:53.089 drwxr-xr-x   2 woc288   woc288       4096 Oct  2 17:52 startup
. 2026-10-06 11:17:53.089 Data connection closed
< 2026-10-06 11:17:53.097 226 Transfer complete
. 2026-10-06 11:17:53.097 디렉터리 목록 획득을 성공하였습니다
. 2026-10-06 11:17:53.097 ..;D;0;1899-12-30T09:00:00.000Z;0;"" [0];"" [0];---------;0
. 2026-10-06 11:17:53.097 advanced;D;0;2026-10-02T08:51:00.000Z;1;"woc288" [0];"woc288" [0];rwxr-xr-x;0
. 2026-10-06 11:17:53.097 arrow-down.svg;-;221;2026-10-06T01:01:00.000Z;1;"woc288" [0];"woc288" [0];rw-r--r--;0
. 2026-10-06 11:17:53.097 arrow-right.svg;-;602;2026-10-06T01:01:00.000Z;1;"woc288" [0];"woc288" [0];rw-r--r--;0
. 2026-10-06 11:17:53.097 arrow.svg;-;505;2026-10-06T01:01:00.000Z;1;"woc288" [0];"woc288" [0];rw-r--r--;0
. 2026-10-06 11:17:53.097 brand-story;D;0;2026-10-02T08:52:00.000Z;1;"woc288" [0];"woc288" [0];rwxr-xr-x;0
. 2026-10-06 11:17:53.098 common;D;0;2026-10-02T08:52:00.000Z;1;"woc288" [0];"woc288" [0];rwxr-xr-x;0
. 2026-10-06 11:17:53.098 growth;D;0;2026-10-02T08:52:00.000Z;1;"woc288" [0];"woc288" [0];rwxr-xr-x;0
. 2026-10-06 11:17:53.098 introduce;D;0;2026-10-06T01:01:00.000Z;1;"woc288" [0];"woc288" [0];rwxr-xr-x;0
. 2026-10-06 11:17:53.098 introduce-educators;D;0;2026-10-02T08:52:00.000Z;1;"woc288" [0];"woc288" [0];rwxr-xr-x;0
. 2026-10-06 11:17:53.098 logo-black.svg;-;13995;2026-10-06T01:01:00.000Z;1;"woc288" [0];"woc288" [0];rw-r--r--;0
. 2026-10-06 11:17:53.098 logo-white.svg;-;13995;2026-10-06T01:01:00.000Z;1;"woc288" [0];"woc288" [0];rw-r--r--;0
. 2026-10-06 11:17:53.098 main;D;0;2026-10-02T08:52:00.000Z;1;"woc288" [0];"woc288" [0];rwxr-xr-x;0
. 2026-10-06 11:17:53.098 menu;D;0;2026-10-02T08:52:00.000Z;1;"woc288" [0];"woc288" [0];rwxr-xr-x;0
. 2026-10-06 11:17:53.098 montly;D;0;2026-10-02T08:52:00.000Z;1;"woc288" [0];"woc288" [0];rwxr-xr-x;0
. 2026-10-06 11:17:53.098 network;D;0;2026-10-02T08:52:00.000Z;1;"woc288" [0];"woc288" [0];rwxr-xr-x;0
. 2026-10-06 11:17:53.098 promotion;D;0;2026-10-02T08:52:00.000Z;1;"woc288" [0];"woc288" [0];rwxr-xr-x;0
. 2026-10-06 11:17:53.098 promotion-detail;D;0;2026-10-02T08:52:00.000Z;1;"woc288" [0];"woc288" [0];rwxr-xr-x;0
. 2026-10-06 11:17:53.098 promotion-preview;D;0;2026-10-02T08:52:00.000Z;1;"woc288" [0];"woc288" [0];rwxr-xr-x;0
. 2026-10-06 11:17:53.098 results;D;0;2026-10-02T08:52:00.000Z;1;"woc288" [0];"woc288" [0];rwxr-xr-x;0
. 2026-10-06 11:17:53.098 signature;D;0;2026-10-02T08:52:00.000Z;1;"woc288" [0];"woc288" [0];rwxr-xr-x;0
. 2026-10-06 11:17:53.098 startup;D;0;2026-10-02T08:52:00.000Z;1;"woc288" [0];"woc288" [0];rwxr-xr-x;0
. 2026-10-06 11:17:53.098 Collecting synchronization list for local directory 'E:\김태호\업체별 작업\두골비\www\images\advanced' and remote directory '/www/images/advanced', mode = Remote, params = 0x2 (NoConfirmation), file mask = '| .git/; .codex/; .agents/; ai/; font/; .gitignore; AGENTS.md; DELIVERY_CHECK.md; PC-REFACTOR.md; CSS_MERGE_PROGRESS.md; RESPONSIVE_PROGRESS.md; deploy.bat; deploy.txt; deploy.log; router.php; www.zip'
. 2026-10-06 11:17:53.098 Local file 'E:\김태호\업체별 작업\두골비\www\images\advanced\.' [2026-09-28T09:05:11.791Z] [0] excluded from synchronization
. 2026-10-06 11:17:53.098 Local file 'E:\김태호\업체별 작업\두골비\www\images\advanced\..' [2026-09-28T09:05:11.791Z] [0] excluded from synchronization
. 2026-10-06 11:17:53.098 Local file 'E:\김태호\업체별 작업\두골비\www\images\advanced\course-panel.png' [2026-09-28T09:03:56.391Z] [514336] included to synchronization
. 2026-10-06 11:17:53.099 Local file 'E:\김태호\업체별 작업\두골비\www\images\advanced\curriculum-01.png' [2026-09-28T09:01:31.932Z] [86070] included to synchronization
. 2026-10-06 11:17:53.099 Local file 'E:\김태호\업체별 작업\두골비\www\images\advanced\curriculum-02.png' [2026-09-28T09:01:31.934Z] [85687] included to synchronization
. 2026-10-06 11:17:53.099 Local file 'E:\김태호\업체별 작업\두골비\www\images\advanced\curriculum-03.png' [2026-09-28T09:01:31.936Z] [84095] included to synchronization
. 2026-10-06 11:17:53.099 Local file 'E:\김태호\업체별 작업\두골비\www\images\advanced\curriculum-04.png' [2026-09-28T09:01:31.940Z] [76001] included to synchronization
. 2026-10-06 11:17:53.099 Local file 'E:\김태호\업체별 작업\두골비\www\images\advanced\curriculum-05.png' [2026-09-28T09:01:31.943Z] [72503] included to synchronization
. 2026-10-06 11:17:53.099 Local file 'E:\김태호\업체별 작업\두골비\www\images\advanced\point-01.png' [2026-09-28T08:59:06.853Z] [1686] included to synchronization
. 2026-10-06 11:17:53.099 Local file 'E:\김태호\업체별 작업\두골비\www\images\advanced\point-02.png' [2026-09-28T08:59:06.855Z] [1820] included to synchronization
. 2026-10-06 11:17:53.099 Local file 'E:\김태호\업체별 작업\두골비\www\images\advanced\point-03.png' [2026-09-28T08:59:06.858Z] [2860] included to synchronization
. 2026-10-06 11:17:53.099 Local file 'E:\김태호\업체별 작업\두골비\www\images\advanced\point-04.png' [2026-09-28T08:59:06.859Z] [2181] included to synchronization
. 2026-10-06 11:17:53.099 Local file 'E:\김태호\업체별 작업\두골비\www\images\advanced\top-section-bg.png' [2026-09-28T06:47:05.004Z] [1750326] included to synchronization
. 2026-10-06 11:17:53.099 디렉터리 목록을 가져오는 중...
> 2026-10-06 11:17:53.099 CWD /www/images/advanced
< 2026-10-06 11:17:53.107 250 CWD command successful
> 2026-10-06 11:17:53.107 PWD
< 2026-10-06 11:17:53.114 257 "/www/images/advanced" is the current directory
> 2026-10-06 11:17:53.114 TYPE A
< 2026-10-06 11:17:53.124 200 Type set to A
> 2026-10-06 11:17:53.124 PASV
< 2026-10-06 11:17:53.132 227 Entering Passive Mode (222,122,39,25,124,128).
> 2026-10-06 11:17:53.132 LIST -a
. 2026-10-06 11:17:53.132 222.122.39.25:31872에 접속 중...
< 2026-10-06 11:17:53.153 150 Opening ASCII mode data connection for file list
. 2026-10-06 11:17:53.155 drwxr-xr-x   2 woc288   woc288       4096 Oct  2 17:51 .
. 2026-10-06 11:17:53.155 drwxr-xr-x  18 woc288   woc288       4096 Oct  2 17:52 ..
. 2026-10-06 11:17:53.155 -rw-r--r--   1 woc288   woc288     514336 Oct  6 10:01 course-panel.png
. 2026-10-06 11:17:53.155 -rw-r--r--   1 woc288   woc288      86070 Oct  6 10:01 curriculum-01.png
. 2026-10-06 11:17:53.155 -rw-r--r--   1 woc288   woc288      85687 Oct  6 10:01 curriculum-02.png
. 2026-10-06 11:17:53.155 -rw-r--r--   1 woc288   woc288      84095 Oct  6 10:01 curriculum-03.png
. 2026-10-06 11:17:53.155 -rw-r--r--   1 woc288   woc288      76001 Oct  6 10:01 curriculum-04.png
. 2026-10-06 11:17:53.155 -rw-r--r--   1 woc288   woc288      72503 Oct  6 10:01 curriculum-05.png
. 2026-10-06 11:17:53.155 -rw-r--r--   1 woc288   woc288       1686 Oct  6 10:01 point-01.png
. 2026-10-06 11:17:53.155 -rw-r--r--   1 woc288   woc288       1820 Oct  6 10:01 point-02.png
. 2026-10-06 11:17:53.155 -rw-r--r--   1 woc288   woc288       2860 Oct  6 10:01 point-03.png
. 2026-10-06 11:17:53.155 -rw-r--r--   1 woc288   woc288       2181 Oct  6 10:01 point-04.png
. 2026-10-06 11:17:53.155 -rw-r--r--   1 woc288   woc288    1750326 Oct  6 10:01 top-section-bg.png
. 2026-10-06 11:17:53.155 Data connection closed
< 2026-10-06 11:17:53.163 226 Transfer complete
. 2026-10-06 11:17:53.164 디렉터리 목록 획득을 성공하였습니다
. 2026-10-06 11:17:53.164 ..;D;0;1899-12-30T09:00:00.000Z;0;"" [0];"" [0];---------;0
. 2026-10-06 11:17:53.164 course-panel.png;-;514336;2026-10-06T01:01:00.000Z;1;"woc288" [0];"woc288" [0];rw-r--r--;0
. 2026-10-06 11:17:53.164 curriculum-01.png;-;86070;2026-10-06T01:01:00.000Z;1;"woc288" [0];"woc288" [0];rw-r--r--;0
. 2026-10-06 11:17:53.164 curriculum-02.png;-;85687;2026-10-06T01:01:00.000Z;1;"woc288" [0];"woc288" [0];rw-r--r--;0
. 2026-10-06 11:17:53.164 curriculum-03.png;-;84095;2026-10-06T01:01:00.000Z;1;"woc288" [0];"woc288" [0];rw-r--r--;0
. 2026-10-06 11:17:53.164 curriculum-04.png;-;76001;2026-10-06T01:01:00.000Z;1;"woc288" [0];"woc288" [0];rw-r--r--;0
. 2026-10-06 11:17:53.164 curriculum-05.png;-;72503;2026-10-06T01:01:00.000Z;1;"woc288" [0];"woc288" [0];rw-r--r--;0
. 2026-10-06 11:17:53.164 point-01.png;-;1686;2026-10-06T01:01:00.000Z;1;"woc288" [0];"woc288" [0];rw-r--r--;0
. 2026-10-06 11:17:53.164 point-02.png;-;1820;2026-10-06T01:01:00.000Z;1;"woc288" [0];"woc288" [0];rw-r--r--;0
. 2026-10-06 11:17:53.164 point-03.png;-;2860;2026-10-06T01:01:00.000Z;1;"woc288" [0];"woc288" [0];rw-r--r--;0
. 2026-10-06 11:17:53.164 point-04.png;-;2181;2026-10-06T01:01:00.000Z;1;"woc288" [0];"woc288" [0];rw-r--r--;0
. 2026-10-06 11:17:53.164 top-section-bg.png;-;1750326;2026-10-06T01:01:00.000Z;1;"woc288" [0];"woc288" [0];rw-r--r--;0
. 2026-10-06 11:17:53.174 Remote file '/www/images/advanced/course-panel.png' [2026-10-06T01:01:00.000Z] [514336] is modified comparing to local file 'E:\김태호\업체별 작업\두골비\www\images\advanced\course-panel.png' [2026-09-28T09:03:56.391Z] [514336]
. 2026-10-06 11:17:53.175 Remote file '/www/images/advanced/curriculum-01.png' [2026-10-06T01:01:00.000Z] [86070] is modified comparing to local file 'E:\김태호\업체별 작업\두골비\www\images\advanced\curriculum-01.png' [2026-09-28T09:01:31.932Z] [86070]
. 2026-10-06 11:17:53.175 Remote file '/www/images/advanced/curriculum-02.png' [2026-10-06T01:01:00.000Z] [85687] is modified comparing to local file 'E:\김태호\업체별 작업\두골비\www\images\advanced\curriculum-02.png' [2026-09-28T09:01:31.934Z] [85687]
. 2026-10-06 11:17:53.175 Remote file '/www/images/advanced/curriculum-03.png' [2026-10-06T01:01:00.000Z] [84095] is modified comparing to local file 'E:\김태호\업체별 작업\두골비\www\images\advanced\curriculum-03.png' [2026-09-28T09:01:31.936Z] [84095]
. 2026-10-06 11:17:53.175 Remote file '/www/images/advanced/curriculum-04.png' [2026-10-06T01:01:00.000Z] [76001] is modified comparing to local file 'E:\김태호\업체별 작업\두골비\www\images\advanced\curriculum-04.png' [2026-09-28T09:01:31.940Z] [76001]
. 2026-10-06 11:17:53.175 Remote file '/www/images/advanced/curriculum-05.png' [2026-10-06T01:01:00.000Z] [72503] is modified comparing to local file 'E:\김태호\업체별 작업\두골비\www\images\advanced\curriculum-05.png' [2026-09-28T09:01:31.943Z] [72503]
. 2026-10-06 11:17:53.175 Remote file '/www/images/advanced/point-01.png' [2026-10-06T01:01:00.000Z] [1686] is modified comparing to local file 'E:\김태호\업체별 작업\두골비\www\images\advanced\point-01.png' [2026-09-28T08:59:06.853Z] [1686]
. 2026-10-06 11:17:53.175 Remote file '/www/images/advanced/point-02.png' [2026-10-06T01:01:00.000Z] [1820] is modified comparing to local file 'E:\김태호\업체별 작업\두골비\www\images\advanced\point-02.png' [2026-09-28T08:59:06.855Z] [1820]
. 2026-10-06 11:17:53.175 Remote file '/www/images/advanced/point-03.png' [2026-10-06T01:01:00.000Z] [2860] is modified comparing to local file 'E:\김태호\업체별 작업\두골비\www\images\advanced\point-03.png' [2026-09-28T08:59:06.858Z] [2860]
. 2026-10-06 11:17:53.175 Remote file '/www/images/advanced/point-04.png' [2026-10-06T01:01:00.000Z] [2181] is modified comparing to local file 'E:\김태호\업체별 작업\두골비\www\images\advanced\point-04.png' [2026-09-28T08:59:06.859Z] [2181]
. 2026-10-06 11:17:53.175 Remote file '/www/images/advanced/top-section-bg.png' [2026-10-06T01:01:00.000Z] [1750326] is modified comparing to local file 'E:\김태호\업체별 작업\두골비\www\images\advanced\top-section-bg.png' [2026-09-28T06:47:05.004Z] [1750326]
. 2026-10-06 11:17:53.178 Remote file '/www/images/arrow-down.svg' [2026-10-06T01:01:00.000Z] [221] is modified comparing to local file 'E:\김태호\업체별 작업\두골비\www\images\arrow-down.svg' [2026-09-22T04:52:20.134Z] [221]
. 2026-10-06 11:17:53.179 Remote file '/www/images/arrow-right.svg' [2026-10-06T01:01:00.000Z] [602] is modified comparing to local file 'E:\김태호\업체별 작업\두골비\www\images\arrow-right.svg' [2026-09-21T07:39:25.440Z] [602]
. 2026-10-06 11:17:53.179 Remote file '/www/images/arrow.svg' [2026-10-06T01:01:00.000Z] [505] is modified comparing to local file 'E:\김태호\업체별 작업\두골비\www\images\arrow.svg' [2026-09-21T02:53:04.229Z] [505]
. 2026-10-06 11:17:53.179 Collecting synchronization list for local directory 'E:\김태호\업체별 작업\두골비\www\images\brand-story' and remote directory '/www/images/brand-story', mode = Remote, params = 0x2 (NoConfirmation), file mask = '| .git/; .codex/; .agents/; ai/; font/; .gitignore; AGENTS.md; DELIVERY_CHECK.md; PC-REFACTOR.md; CSS_MERGE_PROGRESS.md; RESPONSIVE_PROGRESS.md; deploy.bat; deploy.txt; deploy.log; router.php; www.zip'
. 2026-10-06 11:17:53.179 Local file 'E:\김태호\업체별 작업\두골비\www\images\brand-story\.' [2026-10-01T07:17:14.880Z] [0] excluded from synchronization
. 2026-10-06 11:17:53.179 Local file 'E:\김태호\업체별 작업\두골비\www\images\brand-story\..' [2026-10-01T07:17:14.880Z] [0] excluded from synchronization
. 2026-10-06 11:17:53.179 Local file 'E:\김태호\업체별 작업\두골비\www\images\brand-story\section01-bg.jpg' [2026-10-01T01:29:17.913Z] [834207] included to synchronization
. 2026-10-06 11:17:53.179 Local file 'E:\김태호\업체별 작업\두골비\www\images\brand-story\section02-img-1.jpg' [2026-10-01T01:28:58.784Z] [435935] included to synchronization
. 2026-10-06 11:17:53.179 Local file 'E:\김태호\업체별 작업\두골비\www\images\brand-story\section02-img-2.jpg' [2026-10-01T01:28:58.784Z] [435935] included to synchronization
. 2026-10-06 11:17:53.179 Local file 'E:\김태호\업체별 작업\두골비\www\images\brand-story\section02-img-3.jpg' [2026-10-01T01:28:58.784Z] [435935] included to synchronization
. 2026-10-06 11:17:53.179 Local file 'E:\김태호\업체별 작업\두골비\www\images\brand-story\section02-img-4.jpg' [2026-10-01T01:28:58.784Z] [435935] included to synchronization
. 2026-10-06 11:17:53.179 Local file 'E:\김태호\업체별 작업\두골비\www\images\brand-story\section03-bg.jpg' [2026-10-01T01:30:51.869Z] [292423] included to synchronization
. 2026-10-06 11:17:53.179 Local file 'E:\김태호\업체별 작업\두골비\www\images\brand-story\section03-card-img-1.jpg' [2026-10-01T01:28:46.400Z] [238958] included to synchronization
. 2026-10-06 11:17:53.179 Local file 'E:\김태호\업체별 작업\두골비\www\images\brand-story\section03-card-img-2.jpg' [2026-10-01T01:28:46.398Z] [256246] included to synchronization
. 2026-10-06 11:17:53.179 Local file 'E:\김태호\업체별 작업\두골비\www\images\brand-story\section03-card-img-3.jpg' [2026-10-01T01:28:46.395Z] [247407] included to synchronization
. 2026-10-06 11:17:53.179 Local file 'E:\김태호\업체별 작업\두골비\www\images\brand-story\section03-card-img-4.jpg' [2026-10-01T01:28:46.392Z] [208848] included to synchronization
. 2026-10-06 11:17:53.179 Local file 'E:\김태호\업체별 작업\두골비\www\images\brand-story\section05-img-1.jpg' [2026-10-01T01:31:33.445Z] [129905] included to synchronization
. 2026-10-06 11:17:53.179 Local file 'E:\김태호\업체별 작업\두골비\www\images\brand-story\section05-img-10.jpg' [2026-10-01T01:31:33.409Z] [96216] included to synchronization
. 2026-10-06 11:17:53.179 Local file 'E:\김태호\업체별 작업\두골비\www\images\brand-story\section05-img-11.jpg' [2026-10-01T01:31:33.407Z] [139176] included to synchronization
. 2026-10-06 11:17:53.179 Local file 'E:\김태호\업체별 작업\두골비\www\images\brand-story\section05-img-2.jpg' [2026-10-01T01:31:33.442Z] [144911] included to synchronization
. 2026-10-06 11:17:53.179 Local file 'E:\김태호\업체별 작업\두골비\www\images\brand-story\section05-img-3.jpg' [2026-10-01T01:31:33.438Z] [131634] included to synchronization
. 2026-10-06 11:17:53.179 Local file 'E:\김태호\업체별 작업\두골비\www\images\brand-story\section05-img-4.jpg' [2026-10-01T01:31:33.435Z] [134427] included to synchronization
. 2026-10-06 11:17:53.179 Local file 'E:\김태호\업체별 작업\두골비\www\images\brand-story\section05-img-5.jpg' [2026-10-01T01:31:33.430Z] [153284] included to synchronization
. 2026-10-06 11:17:53.179 Local file 'E:\김태호\업체별 작업\두골비\www\images\brand-story\section05-img-6.jpg' [2026-10-01T01:31:33.426Z] [152632] included to synchronization
. 2026-10-06 11:17:53.179 Local file 'E:\김태호\업체별 작업\두골비\www\images\brand-story\section05-img-7.jpg' [2026-10-01T01:31:33.422Z] [94648] included to synchronization
. 2026-10-06 11:17:53.179 Local file 'E:\김태호\업체별 작업\두골비\www\images\brand-story\section05-img-8.jpg' [2026-10-01T01:31:33.418Z] [166950] included to synchronization
. 2026-10-06 11:17:53.179 Local file 'E:\김태호\업체별 작업\두골비\www\images\brand-story\section05-img-9.jpg' [2026-10-01T01:31:33.412Z] [116516] included to synchronization
. 2026-10-06 11:17:53.179 Local file 'E:\김태호\업체별 작업\두골비\www\images\brand-story\section06-card-img-1.jpg' [2026-10-01T01:32:39.000Z] [399872] included to synchronization
. 2026-10-06 11:17:53.179 Local file 'E:\김태호\업체별 작업\두골비\www\images\brand-story\section06-card-img-2.jpg' [2026-10-01T01:32:38.997Z] [344656] included to synchronization
. 2026-10-06 11:17:53.179 Local file 'E:\김태호\업체별 작업\두골비\www\images\brand-story\section06-card-img-3.jpg' [2026-10-01T01:32:38.993Z] [342361] included to synchronization
. 2026-10-06 11:17:53.179 Local file 'E:\김태호\업체별 작업\두골비\www\images\brand-story\section06-card-img-4.jpg' [2026-10-01T01:32:38.990Z] [384159] included to synchronization
. 2026-10-06 11:17:53.180 Local file 'E:\김태호\업체별 작업\두골비\www\images\brand-story\section06-card-img-5.jpg' [2026-10-01T01:32:38.987Z] [358446] included to synchronization
. 2026-10-06 11:17:53.180 Local file 'E:\김태호\업체별 작업\두골비\www\images\brand-story\section06-card-img-6.jpg' [2026-10-01T01:32:38.965Z] [321232] included to synchronization
. 2026-10-06 11:17:53.180 Local file 'E:\김태호\업체별 작업\두골비\www\images\brand-story\section08-left-panel.jpg' [2026-10-01T01:33:47.720Z] [333044] included to synchronization
. 2026-10-06 11:17:53.180 Local file 'E:\김태호\업체별 작업\두골비\www\images\brand-story\section09-bg.jpg' [2026-10-01T01:34:03.455Z] [570522] included to synchronization
. 2026-10-06 11:17:53.180 Local file 'E:\김태호\업체별 작업\두골비\www\images\brand-story\section09-call-icon.png' [2026-10-01T01:34:20.300Z] [609] included to synchronization
. 2026-10-06 11:17:53.180 디렉터리 목록을 가져오는 중...
> 2026-10-06 11:17:53.180 CWD /www/images/brand-story
< 2026-10-06 11:17:53.188 250 CWD command successful
> 2026-10-06 11:17:53.188 PWD
< 2026-10-06 11:17:53.196 257 "/www/images/brand-story" is the current directory
> 2026-10-06 11:17:53.196 TYPE A
< 2026-10-06 11:17:53.204 200 Type set to A
> 2026-10-06 11:17:53.204 PASV
< 2026-10-06 11:17:53.211 227 Entering Passive Mode (222,122,39,25,141,83).
> 2026-10-06 11:17:53.211 LIST -a
. 2026-10-06 11:17:53.211 222.122.39.25:36179에 접속 중...
< 2026-10-06 11:17:53.230 150 Opening ASCII mode data connection for file list
. 2026-10-06 11:17:53.231 drwxr-xr-x   2 woc288   woc288       4096 Oct  2 17:52 .
. 2026-10-06 11:17:53.231 drwxr-xr-x  18 woc288   woc288       4096 Oct  2 17:52 ..
. 2026-10-06 11:17:53.231 -rw-r--r--   1 woc288   woc288     834207 Oct  6 10:01 section01-bg.jpg
. 2026-10-06 11:17:53.231 -rw-r--r--   1 woc288   woc288     435935 Oct  6 10:01 section02-img-1.jpg
. 2026-10-06 11:17:53.231 -rw-r--r--   1 woc288   woc288     435935 Oct  6 10:01 section02-img-2.jpg
. 2026-10-06 11:17:53.231 -rw-r--r--   1 woc288   woc288     435935 Oct  6 10:01 section02-img-3.jpg
. 2026-10-06 11:17:53.231 -rw-r--r--   1 woc288   woc288     435935 Oct  6 10:01 section02-img-4.jpg
. 2026-10-06 11:17:53.231 -rw-r--r--   1 woc288   woc288     292423 Oct  6 10:01 section03-bg.jpg
. 2026-10-06 11:17:53.231 -rw-r--r--   1 woc288   woc288     238958 Oct  6 10:01 section03-card-img-1.jpg
. 2026-10-06 11:17:53.231 -rw-r--r--   1 woc288   woc288     256246 Oct  6 10:01 section03-card-img-2.jpg
. 2026-10-06 11:17:53.231 -rw-r--r--   1 woc288   woc288     247407 Oct  6 10:01 section03-card-img-3.jpg
. 2026-10-06 11:17:53.232 -rw-r--r--   1 woc288   woc288     208848 Oct  6 10:01 section03-card-img-4.jpg
. 2026-10-06 11:17:53.232 -rw-r--r--   1 woc288   woc288     129905 Oct  6 10:01 section05-img-1.jpg
. 2026-10-06 11:17:53.232 -rw-r--r--   1 woc288   woc288      96216 Oct  6 10:01 section05-img-10.jpg
. 2026-10-06 11:17:53.232 -rw-r--r--   1 woc288   woc288     139176 Oct  6 10:01 section05-img-11.jpg
. 2026-10-06 11:17:53.232 -rw-r--r--   1 woc288   woc288     144911 Oct  6 10:01 section05-img-2.jpg
. 2026-10-06 11:17:53.232 -rw-r--r--   1 woc288   woc288     131634 Oct  6 10:01 section05-img-3.jpg
. 2026-10-06 11:17:53.232 -rw-r--r--   1 woc288   woc288     134427 Oct  6 10:01 section05-img-4.jpg
. 2026-10-06 11:17:53.232 -rw-r--r--   1 woc288   woc288     153284 Oct  6 10:01 section05-img-5.jpg
. 2026-10-06 11:17:53.232 -rw-r--r--   1 woc288   woc288     152632 Oct  6 10:01 section05-img-6.jpg
. 2026-10-06 11:17:53.232 -rw-r--r--   1 woc288   woc288      94648 Oct  6 10:01 section05-img-7.jpg
. 2026-10-06 11:17:53.232 -rw-r--r--   1 woc288   woc288     166950 Oct  6 10:01 section05-img-8.jpg
. 2026-10-06 11:17:53.232 -rw-r--r--   1 woc288   woc288     116516 Oct  6 10:01 section05-img-9.jpg
. 2026-10-06 11:17:53.232 -rw-r--r--   1 woc288   woc288     399872 Oct  6 10:01 section06-card-img-1.jpg
. 2026-10-06 11:17:53.232 -rw-r--r--   1 woc288   woc288     344656 Oct  6 10:01 section06-card-img-2.jpg
. 2026-10-06 11:17:53.232 -rw-r--r--   1 woc288   woc288     342361 Oct  6 10:01 section06-card-img-3.jpg
. 2026-10-06 11:17:53.232 -rw-r--r--   1 woc288   woc288     384159 Oct  6 10:01 section06-card-img-4.jpg
. 2026-10-06 11:17:53.232 -rw-r--r--   1 woc288   woc288     358446 Oct  6 10:01 section06-card-img-5.jpg
. 2026-10-06 11:17:53.232 -rw-r--r--   1 woc288   woc288     321232 Oct  6 10:01 section06-card-img-6.jpg
. 2026-10-06 11:17:53.232 -rw-r--r--   1 woc288   woc288     333044 Oct  6 10:01 section08-left-panel.jpg
. 2026-10-06 11:17:53.232 -rw-r--r--   1 woc288   woc288     570522 Oct  6 10:01 section09-bg.jpg
. 2026-10-06 11:17:53.232 -rw-r--r--   1 woc288   woc288        609 Oct  6 10:01 section09-call-icon.png
. 2026-10-06 11:17:53.232 Data connection closed
< 2026-10-06 11:17:53.240 226 Transfer complete
. 2026-10-06 11:17:53.240 디렉터리 목록 획득을 성공하였습니다
. 2026-10-06 11:17:53.240 ..;D;0;1899-12-30T09:00:00.000Z;0;"" [0];"" [0];---------;0
. 2026-10-06 11:17:53.240 section01-bg.jpg;-;834207;2026-10-06T01:01:00.000Z;1;"woc288" [0];"woc288" [0];rw-r--r--;0
. 2026-10-06 11:17:53.240 section02-img-1.jpg;-;435935;2026-10-06T01:01:00.000Z;1;"woc288" [0];"woc288" [0];rw-r--r--;0
. 2026-10-06 11:17:53.240 section02-img-2.jpg;-;435935;2026-10-06T01:01:00.000Z;1;"woc288" [0];"woc288" [0];rw-r--r--;0
. 2026-10-06 11:17:53.240 section02-img-3.jpg;-;435935;2026-10-06T01:01:00.000Z;1;"woc288" [0];"woc288" [0];rw-r--r--;0
. 2026-10-06 11:17:53.240 section02-img-4.jpg;-;435935;2026-10-06T01:01:00.000Z;1;"woc288" [0];"woc288" [0];rw-r--r--;0
. 2026-10-06 11:17:53.240 section03-bg.jpg;-;292423;2026-10-06T01:01:00.000Z;1;"woc288" [0];"woc288" [0];rw-r--r--;0
. 2026-10-06 11:17:53.240 section03-card-img-1.jpg;-;238958;2026-10-06T01:01:00.000Z;1;"woc288" [0];"woc288" [0];rw-r--r--;0
. 2026-10-06 11:17:53.240 section03-card-img-2.jpg;-;256246;2026-10-06T01:01:00.000Z;1;"woc288" [0];"woc288" [0];rw-r--r--;0
. 2026-10-06 11:17:53.240 section03-card-img-3.jpg;-;247407;2026-10-06T01:01:00.000Z;1;"woc288" [0];"woc288" [0];rw-r--r--;0
. 2026-10-06 11:17:53.241 section03-card-img-4.jpg;-;208848;2026-10-06T01:01:00.000Z;1;"woc288" [0];"woc288" [0];rw-r--r--;0
. 2026-10-06 11:17:53.241 section05-img-1.jpg;-;129905;2026-10-06T01:01:00.000Z;1;"woc288" [0];"woc288" [0];rw-r--r--;0
. 2026-10-06 11:17:53.241 section05-img-10.jpg;-;96216;2026-10-06T01:01:00.000Z;1;"woc288" [0];"woc288" [0];rw-r--r--;0
. 2026-10-06 11:17:53.241 section05-img-11.jpg;-;139176;2026-10-06T01:01:00.000Z;1;"woc288" [0];"woc288" [0];rw-r--r--;0
. 2026-10-06 11:17:53.241 section05-img-2.jpg;-;144911;2026-10-06T01:01:00.000Z;1;"woc288" [0];"woc288" [0];rw-r--r--;0
. 2026-10-06 11:17:53.241 section05-img-3.jpg;-;131634;2026-10-06T01:01:00.000Z;1;"woc288" [0];"woc288" [0];rw-r--r--;0
. 2026-10-06 11:17:53.241 section05-img-4.jpg;-;134427;2026-10-06T01:01:00.000Z;1;"woc288" [0];"woc288" [0];rw-r--r--;0
. 2026-10-06 11:17:53.241 section05-img-5.jpg;-;153284;2026-10-06T01:01:00.000Z;1;"woc288" [0];"woc288" [0];rw-r--r--;0
. 2026-10-06 11:17:53.241 section05-img-6.jpg;-;152632;2026-10-06T01:01:00.000Z;1;"woc288" [0];"woc288" [0];rw-r--r--;0
. 2026-10-06 11:17:53.241 section05-img-7.jpg;-;94648;2026-10-06T01:01:00.000Z;1;"woc288" [0];"woc288" [0];rw-r--r--;0
. 2026-10-06 11:17:53.241 section05-img-8.jpg;-;166950;2026-10-06T01:01:00.000Z;1;"woc288" [0];"woc288" [0];rw-r--r--;0
. 2026-10-06 11:17:53.241 section05-img-9.jpg;-;116516;2026-10-06T01:01:00.000Z;1;"woc288" [0];"woc288" [0];rw-r--r--;0
. 2026-10-06 11:17:53.241 section06-card-img-1.jpg;-;399872;2026-10-06T01:01:00.000Z;1;"woc288" [0];"woc288" [0];rw-r--r--;0
. 2026-10-06 11:17:53.241 section06-card-img-2.jpg;-;344656;2026-10-06T01:01:00.000Z;1;"woc288" [0];"woc288" [0];rw-r--r--;0
. 2026-10-06 11:17:53.241 section06-card-img-3.jpg;-;342361;2026-10-06T01:01:00.000Z;1;"woc288" [0];"woc288" [0];rw-r--r--;0
. 2026-10-06 11:17:53.241 section06-card-img-4.jpg;-;384159;2026-10-06T01:01:00.000Z;1;"woc288" [0];"woc288" [0];rw-r--r--;0
. 2026-10-06 11:17:53.241 section06-card-img-5.jpg;-;358446;2026-10-06T01:01:00.000Z;1;"woc288" [0];"woc288" [0];rw-r--r--;0
. 2026-10-06 11:17:53.241 section06-card-img-6.jpg;-;321232;2026-10-06T01:01:00.000Z;1;"woc288" [0];"woc288" [0];rw-r--r--;0
. 2026-10-06 11:17:53.241 section08-left-panel.jpg;-;333044;2026-10-06T01:01:00.000Z;1;"woc288" [0];"woc288" [0];rw-r--r--;0
. 2026-10-06 11:17:53.241 section09-bg.jpg;-;570522;2026-10-06T01:01:00.000Z;1;"woc288" [0];"woc288" [0];rw-r--r--;0
. 2026-10-06 11:17:53.241 section09-call-icon.png;-;609;2026-10-06T01:01:00.000Z;1;"woc288" [0];"woc288" [0];rw-r--r--;0
. 2026-10-06 11:17:53.246 Remote file '/www/images/brand-story/section01-bg.jpg' [2026-10-06T01:01:00.000Z] [834207] is modified comparing to local file 'E:\김태호\업체별 작업\두골비\www\images\brand-story\section01-bg.jpg' [2026-10-01T01:29:17.913Z] [834207]
. 2026-10-06 11:17:53.246 Remote file '/www/images/brand-story/section02-img-1.jpg' [2026-10-06T01:01:00.000Z] [435935] is modified comparing to local file 'E:\김태호\업체별 작업\두골비\www\images\brand-story\section02-img-1.jpg' [2026-10-01T01:28:58.784Z] [435935]
. 2026-10-06 11:17:53.246 Remote file '/www/images/brand-story/section02-img-2.jpg' [2026-10-06T01:01:00.000Z] [435935] is modified comparing to local file 'E:\김태호\업체별 작업\두골비\www\images\brand-story\section02-img-2.jpg' [2026-10-01T01:28:58.784Z] [435935]
. 2026-10-06 11:17:53.246 Remote file '/www/images/brand-story/section02-img-3.jpg' [2026-10-06T01:01:00.000Z] [435935] is modified comparing to local file 'E:\김태호\업체별 작업\두골비\www\images\brand-story\section02-img-3.jpg' [2026-10-01T01:28:58.784Z] [435935]
. 2026-10-06 11:17:53.246 Remote file '/www/images/brand-story/section02-img-4.jpg' [2026-10-06T01:01:00.000Z] [435935] is modified comparing to local file 'E:\김태호\업체별 작업\두골비\www\images\brand-story\section02-img-4.jpg' [2026-10-01T01:28:58.784Z] [435935]
. 2026-10-06 11:17:53.247 Remote file '/www/images/brand-story/section03-bg.jpg' [2026-10-06T01:01:00.000Z] [292423] is modified comparing to local file 'E:\김태호\업체별 작업\두골비\www\images\brand-story\section03-bg.jpg' [2026-10-01T01:30:51.869Z] [292423]
. 2026-10-06 11:17:53.247 Remote file '/www/images/brand-story/section03-card-img-1.jpg' [2026-10-06T01:01:00.000Z] [238958] is modified comparing to local file 'E:\김태호\업체별 작업\두골비\www\images\brand-story\section03-card-img-1.jpg' [2026-10-01T01:28:46.400Z] [238958]
. 2026-10-06 11:17:53.247 Remote file '/www/images/brand-story/section03-card-img-2.jpg' [2026-10-06T01:01:00.000Z] [256246] is modified comparing to local file 'E:\김태호\업체별 작업\두골비\www\images\brand-story\section03-card-img-2.jpg' [2026-10-01T01:28:46.398Z] [256246]
. 2026-10-06 11:17:53.247 Remote file '/www/images/brand-story/section03-card-img-3.jpg' [2026-10-06T01:01:00.000Z] [247407] is modified comparing to local file 'E:\김태호\업체별 작업\두골비\www\images\brand-story\section03-card-img-3.jpg' [2026-10-01T01:28:46.395Z] [247407]
. 2026-10-06 11:17:53.247 Remote file '/www/images/brand-story/section03-card-img-4.jpg' [2026-10-06T01:01:00.000Z] [208848] is modified comparing to local file 'E:\김태호\업체별 작업\두골비\www\images\brand-story\section03-card-img-4.jpg' [2026-10-01T01:28:46.392Z] [208848]
. 2026-10-06 11:17:53.247 Remote file '/www/images/brand-story/section05-img-1.jpg' [2026-10-06T01:01:00.000Z] [129905] is modified comparing to local file 'E:\김태호\업체별 작업\두골비\www\images\brand-story\section05-img-1.jpg' [2026-10-01T01:31:33.445Z] [129905]
. 2026-10-06 11:17:53.247 Remote file '/www/images/brand-story/section05-img-10.jpg' [2026-10-06T01:01:00.000Z] [96216] is modified comparing to local file 'E:\김태호\업체별 작업\두골비\www\images\brand-story\section05-img-10.jpg' [2026-10-01T01:31:33.409Z] [96216]
. 2026-10-06 11:17:53.247 Remote file '/www/images/brand-story/section05-img-11.jpg' [2026-10-06T01:01:00.000Z] [139176] is modified comparing to local file 'E:\김태호\업체별 작업\두골비\www\images\brand-story\section05-img-11.jpg' [2026-10-01T01:31:33.407Z] [139176]
. 2026-10-06 11:17:53.247 Remote file '/www/images/brand-story/section05-img-2.jpg' [2026-10-06T01:01:00.000Z] [144911] is modified comparing to local file 'E:\김태호\업체별 작업\두골비\www\images\brand-story\section05-img-2.jpg' [2026-10-01T01:31:33.442Z] [144911]
. 2026-10-06 11:17:53.247 Remote file '/www/images/brand-story/section05-img-3.jpg' [2026-10-06T01:01:00.000Z] [131634] is modified comparing to local file 'E:\김태호\업체별 작업\두골비\www\images\brand-story\section05-img-3.jpg' [2026-10-01T01:31:33.438Z] [131634]
. 2026-10-06 11:17:53.247 Remote file '/www/images/brand-story/section05-img-4.jpg' [2026-10-06T01:01:00.000Z] [134427] is modified comparing to local file 'E:\김태호\업체별 작업\두골비\www\images\brand-story\section05-img-4.jpg' [2026-10-01T01:31:33.435Z] [134427]
. 2026-10-06 11:17:53.247 Remote file '/www/images/brand-story/section05-img-5.jpg' [2026-10-06T01:01:00.000Z] [153284] is modified comparing to local file 'E:\김태호\업체별 작업\두골비\www\images\brand-story\section05-img-5.jpg' [2026-10-01T01:31:33.430Z] [153284]
. 2026-10-06 11:17:53.247 Remote file '/www/images/brand-story/section05-img-6.jpg' [2026-10-06T01:01:00.000Z] [152632] is modified comparing to local file 'E:\김태호\업체별 작업\두골비\www\images\brand-story\section05-img-6.jpg' [2026-10-01T01:31:33.426Z] [152632]
. 2026-10-06 11:17:53.247 Remote file '/www/images/brand-story/section05-img-7.jpg' [2026-10-06T01:01:00.000Z] [94648] is modified comparing to local file 'E:\김태호\업체별 작업\두골비\www\images\brand-story\section05-img-7.jpg' [2026-10-01T01:31:33.422Z] [94648]
. 2026-10-06 11:17:53.247 Remote file '/www/images/brand-story/section05-img-8.jpg' [2026-10-06T01:01:00.000Z] [166950] is modified comparing to local file 'E:\김태호\업체별 작업\두골비\www\images\brand-story\section05-img-8.jpg' [2026-10-01T01:31:33.418Z] [166950]
. 2026-10-06 11:17:53.247 Remote file '/www/images/brand-story/section05-img-9.jpg' [2026-10-06T01:01:00.000Z] [116516] is modified comparing to local file 'E:\김태호\업체별 작업\두골비\www\images\brand-story\section05-img-9.jpg' [2026-10-01T01:31:33.412Z] [116516]
. 2026-10-06 11:17:53.247 Remote file '/www/images/brand-story/section06-card-img-1.jpg' [2026-10-06T01:01:00.000Z] [399872] is modified comparing to local file 'E:\김태호\업체별 작업\두골비\www\images\brand-story\section06-card-img-1.jpg' [2026-10-01T01:32:39.000Z] [399872]
. 2026-10-06 11:17:53.248 Remote file '/www/images/brand-story/section06-card-img-2.jpg' [2026-10-06T01:01:00.000Z] [344656] is modified comparing to local file 'E:\김태호\업체별 작업\두골비\www\images\brand-story\section06-card-img-2.jpg' [2026-10-01T01:32:38.997Z] [344656]
. 2026-10-06 11:17:53.248 Remote file '/www/images/brand-story/section06-card-img-3.jpg' [2026-10-06T01:01:00.000Z] [342361] is modified comparing to local file 'E:\김태호\업체별 작업\두골비\www\images\brand-story\section06-card-img-3.jpg' [2026-10-01T01:32:38.993Z] [342361]
. 2026-10-06 11:17:53.248 Remote file '/www/images/brand-story/section06-card-img-4.jpg' [2026-10-06T01:01:00.000Z] [384159] is modified comparing to local file 'E:\김태호\업체별 작업\두골비\www\images\brand-story\section06-card-img-4.jpg' [2026-10-01T01:32:38.990Z] [384159]
. 2026-10-06 11:17:53.248 Remote file '/www/images/brand-story/section06-card-img-5.jpg' [2026-10-06T01:01:00.000Z] [358446] is modified comparing to local file 'E:\김태호\업체별 작업\두골비\www\images\brand-story\section06-card-img-5.jpg' [2026-10-01T01:32:38.987Z] [358446]
. 2026-10-06 11:17:53.248 Remote file '/www/images/brand-story/section06-card-img-6.jpg' [2026-10-06T01:01:00.000Z] [321232] is modified comparing to local file 'E:\김태호\업체별 작업\두골비\www\images\brand-story\section06-card-img-6.jpg' [2026-10-01T01:32:38.965Z] [321232]
. 2026-10-06 11:17:53.248 Remote file '/www/images/brand-story/section08-left-panel.jpg' [2026-10-06T01:01:00.000Z] [333044] is modified comparing to local file 'E:\김태호\업체별 작업\두골비\www\images\brand-story\section08-left-panel.jpg' [2026-10-01T01:33:47.720Z] [333044]
. 2026-10-06 11:17:53.248 Remote file '/www/images/brand-story/section09-bg.jpg' [2026-10-06T01:01:00.000Z] [570522] is modified comparing to local file 'E:\김태호\업체별 작업\두골비\www\images\brand-story\section09-bg.jpg' [2026-10-01T01:34:03.455Z] [570522]
. 2026-10-06 11:17:53.248 Remote file '/www/images/brand-story/section09-call-icon.png' [2026-10-06T01:01:00.000Z] [609] is modified comparing to local file 'E:\김태호\업체별 작업\두골비\www\images\brand-story\section09-call-icon.png' [2026-10-01T01:34:20.300Z] [609]
. 2026-10-06 11:17:53.248 Collecting synchronization list for local directory 'E:\김태호\업체별 작업\두골비\www\images\common' and remote directory '/www/images/common', mode = Remote, params = 0x2 (NoConfirmation), file mask = '| .git/; .codex/; .agents/; ai/; font/; .gitignore; AGENTS.md; DELIVERY_CHECK.md; PC-REFACTOR.md; CSS_MERGE_PROGRESS.md; RESPONSIVE_PROGRESS.md; deploy.bat; deploy.txt; deploy.log; router.php; www.zip'
. 2026-10-06 11:17:53.248 Local file 'E:\김태호\업체별 작업\두골비\www\images\common\.' [2026-10-01T06:16:01.924Z] [0] excluded from synchronization
. 2026-10-06 11:17:53.248 Local file 'E:\김태호\업체별 작업\두골비\www\images\common\..' [2026-10-01T06:16:01.924Z] [0] excluded from synchronization
. 2026-10-06 11:17:53.249 Local file 'E:\김태호\업체별 작업\두골비\www\images\common\footer-logo.svg' [2026-09-22T06:58:31.754Z] [13784] included to synchronization
. 2026-10-06 11:17:53.249 Local file 'E:\김태호\업체별 작업\두골비\www\images\common\icon-blog.svg' [2026-10-01T06:16:01.924Z] [807] included to synchronization
. 2026-10-06 11:17:53.249 Local file 'E:\김태호\업체별 작업\두골비\www\images\common\icon-instagram.svg' [2026-10-01T06:16:01.904Z] [1691] included to synchronization
. 2026-10-06 11:17:53.249 Local file 'E:\김태호\업체별 작업\두골비\www\images\common\icon-kakao.svg' [2026-10-01T06:16:01.901Z] [761] included to synchronization
. 2026-10-06 11:17:53.249 디렉터리 목록을 가져오는 중...
> 2026-10-06 11:17:53.249 CWD /www/images/common
< 2026-10-06 11:17:53.257 250 CWD command successful
> 2026-10-06 11:17:53.257 PWD
< 2026-10-06 11:17:53.264 257 "/www/images/common" is the current directory
> 2026-10-06 11:17:53.264 TYPE A
< 2026-10-06 11:17:53.272 200 Type set to A
> 2026-10-06 11:17:53.272 PASV
< 2026-10-06 11:17:53.280 227 Entering Passive Mode (222,122,39,25,142,230).
> 2026-10-06 11:17:53.280 LIST -a
. 2026-10-06 11:17:53.280 222.122.39.25:36582에 접속 중...
< 2026-10-06 11:17:53.298 150 Opening ASCII mode data connection for file list
. 2026-10-06 11:17:53.298 drwxr-xr-x   2 woc288   woc288       4096 Oct  2 17:52 .
. 2026-10-06 11:17:53.298 drwxr-xr-x  18 woc288   woc288       4096 Oct  2 17:52 ..
. 2026-10-06 11:17:53.298 -rw-r--r--   1 woc288   woc288      13784 Oct  6 10:01 footer-logo.svg
. 2026-10-06 11:17:53.298 -rw-r--r--   1 woc288   woc288        807 Oct  6 10:01 icon-blog.svg
. 2026-10-06 11:17:53.298 -rw-r--r--   1 woc288   woc288       1691 Oct  6 10:01 icon-instagram.svg
. 2026-10-06 11:17:53.298 -rw-r--r--   1 woc288   woc288        761 Oct  6 10:01 icon-kakao.svg
. 2026-10-06 11:17:53.298 Data connection closed
< 2026-10-06 11:17:53.307 226 Transfer complete
. 2026-10-06 11:17:53.307 디렉터리 목록 획득을 성공하였습니다
. 2026-10-06 11:17:53.307 ..;D;0;1899-12-30T09:00:00.000Z;0;"" [0];"" [0];---------;0
. 2026-10-06 11:17:53.307 footer-logo.svg;-;13784;2026-10-06T01:01:00.000Z;1;"woc288" [0];"woc288" [0];rw-r--r--;0
. 2026-10-06 11:17:53.307 icon-blog.svg;-;807;2026-10-06T01:01:00.000Z;1;"woc288" [0];"woc288" [0];rw-r--r--;0
. 2026-10-06 11:17:53.307 icon-instagram.svg;-;1691;2026-10-06T01:01:00.000Z;1;"woc288" [0];"woc288" [0];rw-r--r--;0
. 2026-10-06 11:17:53.307 icon-kakao.svg;-;761;2026-10-06T01:01:00.000Z;1;"woc288" [0];"woc288" [0];rw-r--r--;0
. 2026-10-06 11:17:53.307 Remote file '/www/images/common/footer-logo.svg' [2026-10-06T01:01:00.000Z] [13784] is modified comparing to local file 'E:\김태호\업체별 작업\두골비\www\images\common\footer-logo.svg' [2026-09-22T06:58:31.754Z] [13784]
. 2026-10-06 11:17:53.307 Remote file '/www/images/common/icon-blog.svg' [2026-10-06T01:01:00.000Z] [807] is modified comparing to local file 'E:\김태호\업체별 작업\두골비\www\images\common\icon-blog.svg' [2026-10-01T06:16:01.924Z] [807]
. 2026-10-06 11:17:53.307 Remote file '/www/images/common/icon-instagram.svg' [2026-10-06T01:01:00.000Z] [1691] is modified comparing to local file 'E:\김태호\업체별 작업\두골비\www\images\common\icon-instagram.svg' [2026-10-01T06:16:01.904Z] [1691]
. 2026-10-06 11:17:53.307 Remote file '/www/images/common/icon-kakao.svg' [2026-10-06T01:01:00.000Z] [761] is modified comparing to local file 'E:\김태호\업체별 작업\두골비\www\images\common\icon-kakao.svg' [2026-10-01T06:16:01.901Z] [761]
. 2026-10-06 11:17:53.307 Collecting synchronization list for local directory 'E:\김태호\업체별 작업\두골비\www\images\growth' and remote directory '/www/images/growth', mode = Remote, params = 0x2 (NoConfirmation), file mask = '| .git/; .codex/; .agents/; ai/; font/; .gitignore; AGENTS.md; DELIVERY_CHECK.md; PC-REFACTOR.md; CSS_MERGE_PROGRESS.md; RESPONSIVE_PROGRESS.md; deploy.bat; deploy.txt; deploy.log; router.php; www.zip'
. 2026-10-06 11:17:53.307 Local file 'E:\김태호\업체별 작업\두골비\www\images\growth\.' [2026-09-29T00:56:45.731Z] [0] excluded from synchronization
. 2026-10-06 11:17:53.307 Local file 'E:\김태호\업체별 작업\두골비\www\images\growth\..' [2026-09-29T00:56:45.731Z] [0] excluded from synchronization
. 2026-10-06 11:17:53.307 Local file 'E:\김태호\업체별 작업\두골비\www\images\growth\course-panel.png' [2026-09-29T00:48:54.061Z] [415102] included to synchronization
. 2026-10-06 11:17:53.307 Local file 'E:\김태호\업체별 작업\두골비\www\images\growth\curriculum-child.png' [2026-09-29T00:49:51.993Z] [544920] included to synchronization
. 2026-10-06 11:17:53.307 Local file 'E:\김태호\업체별 작업\두골비\www\images\growth\point-01.png' [2026-09-29T00:49:38.910Z] [2096] included to synchronization
. 2026-10-06 11:17:53.308 Local file 'E:\김태호\업체별 작업\두골비\www\images\growth\point-02.png' [2026-09-29T00:49:38.912Z] [1758] included to synchronization
. 2026-10-06 11:17:53.308 Local file 'E:\김태호\업체별 작업\두골비\www\images\growth\point-03.png' [2026-09-29T00:49:38.914Z] [1966] included to synchronization
. 2026-10-06 11:17:53.308 Local file 'E:\김태호\업체별 작업\두골비\www\images\growth\point-04.png' [2026-09-29T00:49:38.916Z] [2112] included to synchronization
. 2026-10-06 11:17:53.308 Local file 'E:\김태호\업체별 작업\두골비\www\images\growth\top-section-bg.png' [2026-09-29T00:48:45.004Z] [944367] included to synchronization
. 2026-10-06 11:17:53.308 디렉터리 목록을 가져오는 중...
> 2026-10-06 11:17:53.308 CWD /www/images/growth
< 2026-10-06 11:17:53.316 250 CWD command successful
> 2026-10-06 11:17:53.316 PWD
< 2026-10-06 11:17:53.324 257 "/www/images/growth" is the current directory
> 2026-10-06 11:17:53.324 TYPE A
< 2026-10-06 11:17:53.335 200 Type set to A
> 2026-10-06 11:17:53.336 PASV
< 2026-10-06 11:17:53.343 227 Entering Passive Mode (222,122,39,25,125,19).
> 2026-10-06 11:17:53.343 LIST -a
. 2026-10-06 11:17:53.343 222.122.39.25:32019에 접속 중...
< 2026-10-06 11:17:53.363 150 Opening ASCII mode data connection for file list
. 2026-10-06 11:17:53.364 drwxr-xr-x   2 woc288   woc288       4096 Oct  2 17:52 .
. 2026-10-06 11:17:53.364 drwxr-xr-x  18 woc288   woc288       4096 Oct  2 17:52 ..
. 2026-10-06 11:17:53.364 -rw-r--r--   1 woc288   woc288     415102 Oct  6 10:01 course-panel.png
. 2026-10-06 11:17:53.364 -rw-r--r--   1 woc288   woc288     544920 Oct  6 10:01 curriculum-child.png
. 2026-10-06 11:17:53.365 -rw-r--r--   1 woc288   woc288       2096 Oct  6 10:01 point-01.png
. 2026-10-06 11:17:53.365 -rw-r--r--   1 woc288   woc288       1758 Oct  6 10:01 point-02.png
. 2026-10-06 11:17:53.365 -rw-r--r--   1 woc288   woc288       1966 Oct  6 10:01 point-03.png
. 2026-10-06 11:17:53.365 -rw-r--r--   1 woc288   woc288       2112 Oct  6 10:01 point-04.png
. 2026-10-06 11:17:53.365 -rw-r--r--   1 woc288   woc288     944367 Oct  6 10:01 top-section-bg.png
. 2026-10-06 11:17:53.365 Data connection closed
< 2026-10-06 11:17:53.373 226 Transfer complete
. 2026-10-06 11:17:53.373 디렉터리 목록 획득을 성공하였습니다
. 2026-10-06 11:17:53.373 ..;D;0;1899-12-30T09:00:00.000Z;0;"" [0];"" [0];---------;0
. 2026-10-06 11:17:53.373 course-panel.png;-;415102;2026-10-06T01:01:00.000Z;1;"woc288" [0];"woc288" [0];rw-r--r--;0
. 2026-10-06 11:17:53.373 curriculum-child.png;-;544920;2026-10-06T01:01:00.000Z;1;"woc288" [0];"woc288" [0];rw-r--r--;0
. 2026-10-06 11:17:53.373 point-01.png;-;2096;2026-10-06T01:01:00.000Z;1;"woc288" [0];"woc288" [0];rw-r--r--;0
. 2026-10-06 11:17:53.373 point-02.png;-;1758;2026-10-06T01:01:00.000Z;1;"woc288" [0];"woc288" [0];rw-r--r--;0
. 2026-10-06 11:17:53.373 point-03.png;-;1966;2026-10-06T01:01:00.000Z;1;"woc288" [0];"woc288" [0];rw-r--r--;0
. 2026-10-06 11:17:53.373 point-04.png;-;2112;2026-10-06T01:01:00.000Z;1;"woc288" [0];"woc288" [0];rw-r--r--;0
. 2026-10-06 11:17:53.373 top-section-bg.png;-;944367;2026-10-06T01:01:00.000Z;1;"woc288" [0];"woc288" [0];rw-r--r--;0
. 2026-10-06 11:17:53.373 Remote file '/www/images/growth/course-panel.png' [2026-10-06T01:01:00.000Z] [415102] is modified comparing to local file 'E:\김태호\업체별 작업\두골비\www\images\growth\course-panel.png' [2026-09-29T00:48:54.061Z] [415102]
. 2026-10-06 11:17:53.373 Remote file '/www/images/growth/curriculum-child.png' [2026-10-06T01:01:00.000Z] [544920] is modified comparing to local file 'E:\김태호\업체별 작업\두골비\www\images\growth\curriculum-child.png' [2026-09-29T00:49:51.993Z] [544920]
. 2026-10-06 11:17:53.373 Remote file '/www/images/growth/point-01.png' [2026-10-06T01:01:00.000Z] [2096] is modified comparing to local file 'E:\김태호\업체별 작업\두골비\www\images\growth\point-01.png' [2026-09-29T00:49:38.910Z] [2096]
. 2026-10-06 11:17:53.373 Remote file '/www/images/growth/point-02.png' [2026-10-06T01:01:00.000Z] [1758] is modified comparing to local file 'E:\김태호\업체별 작업\두골비\www\images\growth\point-02.png' [2026-09-29T00:49:38.912Z] [1758]
. 2026-10-06 11:17:53.373 Remote file '/www/images/growth/point-03.png' [2026-10-06T01:01:00.000Z] [1966] is modified comparing to local file 'E:\김태호\업체별 작업\두골비\www\images\growth\point-03.png' [2026-09-29T00:49:38.914Z] [1966]
. 2026-10-06 11:17:53.373 Remote file '/www/images/growth/point-04.png' [2026-10-06T01:01:00.000Z] [2112] is modified comparing to local file 'E:\김태호\업체별 작업\두골비\www\images\growth\point-04.png' [2026-09-29T00:49:38.916Z] [2112]
. 2026-10-06 11:17:53.374 Remote file '/www/images/growth/top-section-bg.png' [2026-10-06T01:01:00.000Z] [944367] is modified comparing to local file 'E:\김태호\업체별 작업\두골비\www\images\growth\top-section-bg.png' [2026-09-29T00:48:45.004Z] [944367]
. 2026-10-06 11:17:53.374 Collecting synchronization list for local directory 'E:\김태호\업체별 작업\두골비\www\images\introduce' and remote directory '/www/images/introduce', mode = Remote, params = 0x2 (NoConfirmation), file mask = '| .git/; .codex/; .agents/; ai/; font/; .gitignore; AGENTS.md; DELIVERY_CHECK.md; PC-REFACTOR.md; CSS_MERGE_PROGRESS.md; RESPONSIVE_PROGRESS.md; deploy.bat; deploy.txt; deploy.log; router.php; www.zip'
. 2026-10-06 11:17:53.374 Local file 'E:\김태호\업체별 작업\두골비\www\images\introduce\.' [2026-10-06T00:12:29.222Z] [0] excluded from synchronization
. 2026-10-06 11:17:53.374 Local file 'E:\김태호\업체별 작업\두골비\www\images\introduce\..' [2026-10-06T00:12:29.222Z] [0] excluded from synchronization
. 2026-10-06 11:17:53.374 Local file 'E:\김태호\업체별 작업\두골비\www\images\introduce\about-ceo-introduce-bg.png' [2026-09-28T00:32:34.984Z] [2230841] included to synchronization
. 2026-10-06 11:17:53.374 Local file 'E:\김태호\업체별 작업\두골비\www\images\introduce\Calendar.png' [2026-09-28T01:00:54.433Z] [889] included to synchronization
. 2026-10-06 11:17:53.374 Local file 'E:\김태호\업체별 작업\두골비\www\images\introduce\ceo-pic.jpg' [2026-09-28T00:32:53.445Z] [330536] included to synchronization
. 2026-10-06 11:17:53.374 Local file 'E:\김태호\업체별 작업\두골비\www\images\introduce\dugolbi-che.svg' [2026-10-06T00:12:29.222Z] [5820] included to synchronization
. 2026-10-06 11:17:53.374 Local file 'E:\김태호\업체별 작업\두골비\www\images\introduce\DUGOLBIㆍCHE.svg' [2026-09-28T00:36:38.019Z] [5807] included to synchronization
. 2026-10-06 11:17:53.374 Local file 'E:\김태호\업체별 작업\두골비\www\images\introduce\information-map.png' [2026-09-28T01:01:19.849Z] [804632] included to synchronization
. 2026-10-06 11:17:53.374 Local file 'E:\김태호\업체별 작업\두골비\www\images\introduce\kakao-map.png' [2026-09-28T00:35:45.284Z] [1415] included to synchronization
. 2026-10-06 11:17:53.374 Local file 'E:\김태호\업체별 작업\두골비\www\images\introduce\location.png' [2026-09-28T01:00:47.772Z] [921] included to synchronization
. 2026-10-06 11:17:53.374 Local file 'E:\김태호\업체별 작업\두골비\www\images\introduce\naver-map.png' [2026-09-28T00:35:35.685Z] [1917] included to synchronization
. 2026-10-06 11:17:53.374 Local file 'E:\김태호\업체별 작업\두골비\www\images\introduce\Phone.png' [2026-09-28T01:01:00.157Z] [829] included to synchronization
. 2026-10-06 11:17:53.375 Local file 'E:\김태호\업체별 작업\두골비\www\images\introduce\right-up.svg' [2026-09-28T00:35:56.078Z] [243] included to synchronization
. 2026-10-06 11:17:53.375 Local file 'E:\김태호\업체별 작업\두골비\www\images\introduce\top-section-bg.png' [2026-09-28T00:38:06.207Z] [1877527] included to synchronization
. 2026-10-06 11:17:53.375 디렉터리 목록을 가져오는 중...
> 2026-10-06 11:17:53.375 CWD /www/images/introduce
< 2026-10-06 11:17:53.382 250 CWD command successful
> 2026-10-06 11:17:53.383 PWD
< 2026-10-06 11:17:53.391 257 "/www/images/introduce" is the current directory
> 2026-10-06 11:17:53.391 TYPE A
< 2026-10-06 11:17:53.398 200 Type set to A
> 2026-10-06 11:17:53.399 PASV
< 2026-10-06 11:17:53.405 227 Entering Passive Mode (222,122,39,25,129,49).
> 2026-10-06 11:17:53.405 LIST -a
. 2026-10-06 11:17:53.405 222.122.39.25:33073에 접속 중...
< 2026-10-06 11:17:53.427 150 Opening ASCII mode data connection for file list
. 2026-10-06 11:17:53.429 drwxr-xr-x   2 woc288   woc288       4096 Oct  6 10:01 .
. 2026-10-06 11:17:53.429 drwxr-xr-x  18 woc288   woc288       4096 Oct  2 17:52 ..
. 2026-10-06 11:17:53.429 -rw-r--r--   1 woc288   woc288        889 Oct  6 10:01 Calendar.png
. 2026-10-06 11:17:53.429 -rw-r--r--   1 woc288   woc288       5807 Oct  6 10:01 DUGOLBI?뛅HE.svg
. 2026-10-06 11:17:53.429 -rw-r--r--   1 woc288   woc288        829 Oct  6 10:01 Phone.png
. 2026-10-06 11:17:53.429 -rw-r--r--   1 woc288   woc288    2230841 Oct  6 10:01 about-ceo-introduce-bg.png
. 2026-10-06 11:17:53.429 -rw-r--r--   1 woc288   woc288     330536 Oct  6 10:01 ceo-pic.jpg
. 2026-10-06 11:17:53.429 -rw-r--r--   1 woc288   woc288       5807 Oct  6 10:01 dugolbi-che.svg
. 2026-10-06 11:17:53.429 -rw-r--r--   1 woc288   woc288     804632 Oct  6 10:01 information-map.png
. 2026-10-06 11:17:53.429 -rw-r--r--   1 woc288   woc288       1415 Oct  6 10:01 kakao-map.png
. 2026-10-06 11:17:53.429 -rw-r--r--   1 woc288   woc288        921 Oct  6 10:01 location.png
. 2026-10-06 11:17:53.429 -rw-r--r--   1 woc288   woc288       1917 Oct  6 10:01 naver-map.png
. 2026-10-06 11:17:53.429 -rw-r--r--   1 woc288   woc288        243 Oct  6 10:01 right-up.svg
. 2026-10-06 11:17:53.429 -rw-r--r--   1 woc288   woc288    1877527 Oct  6 10:01 top-section-bg.png
. 2026-10-06 11:17:53.429 Data connection closed
< 2026-10-06 11:17:53.437 226 Transfer complete
. 2026-10-06 11:17:53.437 디렉터리 목록 획득을 성공하였습니다
. 2026-10-06 11:17:53.438 ..;D;0;1899-12-30T09:00:00.000Z;0;"" [0];"" [0];---------;0
. 2026-10-06 11:17:53.438 Calendar.png;-;889;2026-10-06T01:01:00.000Z;1;"woc288" [0];"woc288" [0];rw-r--r--;0
. 2026-10-06 11:17:53.438 DUGOLBIㆍCHE.svg;-;5807;2026-10-06T01:01:00.000Z;1;"woc288" [0];"woc288" [0];rw-r--r--;0
. 2026-10-06 11:17:53.438 Phone.png;-;829;2026-10-06T01:01:00.000Z;1;"woc288" [0];"woc288" [0];rw-r--r--;0
. 2026-10-06 11:17:53.438 about-ceo-introduce-bg.png;-;2230841;2026-10-06T01:01:00.000Z;1;"woc288" [0];"woc288" [0];rw-r--r--;0
. 2026-10-06 11:17:53.438 ceo-pic.jpg;-;330536;2026-10-06T01:01:00.000Z;1;"woc288" [0];"woc288" [0];rw-r--r--;0
. 2026-10-06 11:17:53.438 dugolbi-che.svg;-;5807;2026-10-06T01:01:00.000Z;1;"woc288" [0];"woc288" [0];rw-r--r--;0
. 2026-10-06 11:17:53.438 information-map.png;-;804632;2026-10-06T01:01:00.000Z;1;"woc288" [0];"woc288" [0];rw-r--r--;0
. 2026-10-06 11:17:53.438 kakao-map.png;-;1415;2026-10-06T01:01:00.000Z;1;"woc288" [0];"woc288" [0];rw-r--r--;0
. 2026-10-06 11:17:53.438 location.png;-;921;2026-10-06T01:01:00.000Z;1;"woc288" [0];"woc288" [0];rw-r--r--;0
. 2026-10-06 11:17:53.438 naver-map.png;-;1917;2026-10-06T01:01:00.000Z;1;"woc288" [0];"woc288" [0];rw-r--r--;0
. 2026-10-06 11:17:53.438 right-up.svg;-;243;2026-10-06T01:01:00.000Z;1;"woc288" [0];"woc288" [0];rw-r--r--;0
. 2026-10-06 11:17:53.438 top-section-bg.png;-;1877527;2026-10-06T01:01:00.000Z;1;"woc288" [0];"woc288" [0];rw-r--r--;0
. 2026-10-06 11:17:53.438 Remote file '/www/images/introduce/Calendar.png' [2026-10-06T01:01:00.000Z] [889] is modified comparing to local file 'E:\김태호\업체별 작업\두골비\www\images\introduce\Calendar.png' [2026-09-28T01:00:54.433Z] [889]
. 2026-10-06 11:17:53.438 Remote file '/www/images/introduce/DUGOLBIㆍCHE.svg' [2026-10-06T01:01:00.000Z] [5807] is modified comparing to local file 'E:\김태호\업체별 작업\두골비\www\images\introduce\DUGOLBIㆍCHE.svg' [2026-09-28T00:36:38.019Z] [5807]
. 2026-10-06 11:17:53.438 Remote file '/www/images/introduce/Phone.png' [2026-10-06T01:01:00.000Z] [829] is modified comparing to local file 'E:\김태호\업체별 작업\두골비\www\images\introduce\Phone.png' [2026-09-28T01:01:00.157Z] [829]
. 2026-10-06 11:17:53.438 Remote file '/www/images/introduce/about-ceo-introduce-bg.png' [2026-10-06T01:01:00.000Z] [2230841] is modified comparing to local file 'E:\김태호\업체별 작업\두골비\www\images\introduce\about-ceo-introduce-bg.png' [2026-09-28T00:32:34.984Z] [2230841]
. 2026-10-06 11:17:53.438 Remote file '/www/images/introduce/ceo-pic.jpg' [2026-10-06T01:01:00.000Z] [330536] is modified comparing to local file 'E:\김태호\업체별 작업\두골비\www\images\introduce\ceo-pic.jpg' [2026-09-28T00:32:53.445Z] [330536]
. 2026-10-06 11:17:53.438 Remote file '/www/images/introduce/dugolbi-che.svg' [2026-10-06T01:01:00.000Z] [5807] is modified comparing to local file 'E:\김태호\업체별 작업\두골비\www\images\introduce\dugolbi-che.svg' [2026-10-06T00:12:29.222Z] [5820]
. 2026-10-06 11:17:53.438 Remote file '/www/images/introduce/information-map.png' [2026-10-06T01:01:00.000Z] [804632] is modified comparing to local file 'E:\김태호\업체별 작업\두골비\www\images\introduce\information-map.png' [2026-09-28T01:01:19.849Z] [804632]
. 2026-10-06 11:17:53.438 Remote file '/www/images/introduce/kakao-map.png' [2026-10-06T01:01:00.000Z] [1415] is modified comparing to local file 'E:\김태호\업체별 작업\두골비\www\images\introduce\kakao-map.png' [2026-09-28T00:35:45.284Z] [1415]
. 2026-10-06 11:17:53.438 Remote file '/www/images/introduce/location.png' [2026-10-06T01:01:00.000Z] [921] is modified comparing to local file 'E:\김태호\업체별 작업\두골비\www\images\introduce\location.png' [2026-09-28T01:00:47.772Z] [921]
. 2026-10-06 11:17:53.438 Remote file '/www/images/introduce/naver-map.png' [2026-10-06T01:01:00.000Z] [1917] is modified comparing to local file 'E:\김태호\업체별 작업\두골비\www\images\introduce\naver-map.png' [2026-09-28T00:35:35.685Z] [1917]
. 2026-10-06 11:17:53.439 Remote file '/www/images/introduce/right-up.svg' [2026-10-06T01:01:00.000Z] [243] is modified comparing to local file 'E:\김태호\업체별 작업\두골비\www\images\introduce\right-up.svg' [2026-09-28T00:35:56.078Z] [243]
. 2026-10-06 11:17:53.439 Remote file '/www/images/introduce/top-section-bg.png' [2026-10-06T01:01:00.000Z] [1877527] is modified comparing to local file 'E:\김태호\업체별 작업\두골비\www\images\introduce\top-section-bg.png' [2026-09-28T00:38:06.207Z] [1877527]
. 2026-10-06 11:17:53.439 Collecting synchronization list for local directory 'E:\김태호\업체별 작업\두골비\www\images\introduce-educators' and remote directory '/www/images/introduce-educators', mode = Remote, params = 0x2 (NoConfirmation), file mask = '| .git/; .codex/; .agents/; ai/; font/; .gitignore; AGENTS.md; DELIVERY_CHECK.md; PC-REFACTOR.md; CSS_MERGE_PROGRESS.md; RESPONSIVE_PROGRESS.md; deploy.bat; deploy.txt; deploy.log; router.php; www.zip'
. 2026-10-06 11:17:53.439 Local file 'E:\김태호\업체별 작업\두골비\www\images\introduce-educators\.' [2026-09-28T06:26:49.146Z] [0] excluded from synchronization
. 2026-10-06 11:17:53.439 Local file 'E:\김태호\업체별 작업\두골비\www\images\introduce-educators\..' [2026-09-28T06:26:49.146Z] [0] excluded from synchronization
. 2026-10-06 11:17:53.439 Local file 'E:\김태호\업체별 작업\두골비\www\images\introduce-educators\calendar.png' [2026-09-28T06:26:49.144Z] [889] included to synchronization
. 2026-10-06 11:17:53.439 Local file 'E:\김태호\업체별 작업\두골비\www\images\introduce-educators\dugolbi-che.svg' [2026-09-28T06:26:48.743Z] [5807] included to synchronization
. 2026-10-06 11:17:53.439 Local file 'E:\김태호\업체별 작업\두골비\www\images\introduce-educators\educator-01.png' [2026-09-28T06:26:48.747Z] [413600] included to synchronization
. 2026-10-06 11:17:53.439 Local file 'E:\김태호\업체별 작업\두골비\www\images\introduce-educators\educator-02.png' [2026-09-28T06:26:48.750Z] [324604] included to synchronization
. 2026-10-06 11:17:53.439 Local file 'E:\김태호\업체별 작업\두골비\www\images\introduce-educators\educator-03.png' [2026-09-28T06:26:48.755Z] [571503] included to synchronization
. 2026-10-06 11:17:53.439 Local file 'E:\김태호\업체별 작업\두골비\www\images\introduce-educators\information-map.png' [2026-09-28T06:26:48.762Z] [804632] included to synchronization
. 2026-10-06 11:17:53.439 Local file 'E:\김태호\업체별 작업\두골비\www\images\introduce-educators\kakao-map.png' [2026-09-28T06:26:48.765Z] [1415] included to synchronization
. 2026-10-06 11:17:53.439 Local file 'E:\김태호\업체별 작업\두골비\www\images\introduce-educators\location.png' [2026-09-28T06:26:49.142Z] [921] included to synchronization
. 2026-10-06 11:17:53.439 Local file 'E:\김태호\업체별 작업\두골비\www\images\introduce-educators\naver-map.png' [2026-09-28T06:26:48.763Z] [1917] included to synchronization
. 2026-10-06 11:17:53.439 Local file 'E:\김태호\업체별 작업\두골비\www\images\introduce-educators\phone.png' [2026-09-28T06:26:49.146Z] [829] included to synchronization
. 2026-10-06 11:17:53.439 Local file 'E:\김태호\업체별 작업\두골비\www\images\introduce-educators\right-up.svg' [2026-09-28T06:26:48.775Z] [243] included to synchronization
. 2026-10-06 11:17:53.439 Local file 'E:\김태호\업체별 작업\두골비\www\images\introduce-educators\top-section-bg.png' [2026-09-28T06:26:48.739Z] [1877527] included to synchronization
. 2026-10-06 11:17:53.440 디렉터리 목록을 가져오는 중...
> 2026-10-06 11:17:53.440 CWD /www/images/introduce-educators
< 2026-10-06 11:17:53.448 250 CWD command successful
> 2026-10-06 11:17:53.448 PWD
< 2026-10-06 11:17:53.454 257 "/www/images/introduce-educators" is the current directory
> 2026-10-06 11:17:53.454 TYPE A
< 2026-10-06 11:17:53.463 200 Type set to A
> 2026-10-06 11:17:53.463 PASV
< 2026-10-06 11:17:53.471 227 Entering Passive Mode (222,122,39,25,117,175).
> 2026-10-06 11:17:53.471 LIST -a
. 2026-10-06 11:17:53.471 222.122.39.25:30127에 접속 중...
< 2026-10-06 11:17:53.488 150 Opening ASCII mode data connection for file list
. 2026-10-06 11:17:53.490 drwxr-xr-x   2 woc288   woc288       4096 Oct  2 17:52 .
. 2026-10-06 11:17:53.490 drwxr-xr-x  18 woc288   woc288       4096 Oct  2 17:52 ..
. 2026-10-06 11:17:53.490 -rw-r--r--   1 woc288   woc288        889 Oct  6 10:01 calendar.png
. 2026-10-06 11:17:53.490 -rw-r--r--   1 woc288   woc288       5807 Oct  6 10:01 dugolbi-che.svg
. 2026-10-06 11:17:53.490 -rw-r--r--   1 woc288   woc288     413600 Oct  6 10:01 educator-01.png
. 2026-10-06 11:17:53.490 -rw-r--r--   1 woc288   woc288     324604 Oct  6 10:01 educator-02.png
. 2026-10-06 11:17:53.490 -rw-r--r--   1 woc288   woc288     571503 Oct  6 10:01 educator-03.png
. 2026-10-06 11:17:53.490 -rw-r--r--   1 woc288   woc288     804632 Oct  6 10:01 information-map.png
. 2026-10-06 11:17:53.490 -rw-r--r--   1 woc288   woc288       1415 Oct  6 10:01 kakao-map.png
. 2026-10-06 11:17:53.490 -rw-r--r--   1 woc288   woc288        921 Oct  6 10:01 location.png
. 2026-10-06 11:17:53.490 -rw-r--r--   1 woc288   woc288       1917 Oct  6 10:01 naver-map.png
. 2026-10-06 11:17:53.490 -rw-r--r--   1 woc288   woc288        829 Oct  6 10:01 phone.png
. 2026-10-06 11:17:53.490 -rw-r--r--   1 woc288   woc288        243 Oct  6 10:01 right-up.svg
. 2026-10-06 11:17:53.490 -rw-r--r--   1 woc288   woc288    1877527 Oct  6 10:01 top-section-bg.png
. 2026-10-06 11:17:53.490 Data connection closed
< 2026-10-06 11:17:53.498 226 Transfer complete
. 2026-10-06 11:17:53.498 디렉터리 목록 획득을 성공하였습니다
. 2026-10-06 11:17:53.498 ..;D;0;1899-12-30T09:00:00.000Z;0;"" [0];"" [0];---------;0
. 2026-10-06 11:17:53.498 calendar.png;-;889;2026-10-06T01:01:00.000Z;1;"woc288" [0];"woc288" [0];rw-r--r--;0
. 2026-10-06 11:17:53.498 dugolbi-che.svg;-;5807;2026-10-06T01:01:00.000Z;1;"woc288" [0];"woc288" [0];rw-r--r--;0
. 2026-10-06 11:17:53.498 educator-01.png;-;413600;2026-10-06T01:01:00.000Z;1;"woc288" [0];"woc288" [0];rw-r--r--;0
. 2026-10-06 11:17:53.498 educator-02.png;-;324604;2026-10-06T01:01:00.000Z;1;"woc288" [0];"woc288" [0];rw-r--r--;0
. 2026-10-06 11:17:53.498 educator-03.png;-;571503;2026-10-06T01:01:00.000Z;1;"woc288" [0];"woc288" [0];rw-r--r--;0
. 2026-10-06 11:17:53.498 information-map.png;-;804632;2026-10-06T01:01:00.000Z;1;"woc288" [0];"woc288" [0];rw-r--r--;0
. 2026-10-06 11:17:53.498 kakao-map.png;-;1415;2026-10-06T01:01:00.000Z;1;"woc288" [0];"woc288" [0];rw-r--r--;0
. 2026-10-06 11:17:53.498 location.png;-;921;2026-10-06T01:01:00.000Z;1;"woc288" [0];"woc288" [0];rw-r--r--;0
. 2026-10-06 11:17:53.498 naver-map.png;-;1917;2026-10-06T01:01:00.000Z;1;"woc288" [0];"woc288" [0];rw-r--r--;0
. 2026-10-06 11:17:53.498 phone.png;-;829;2026-10-06T01:01:00.000Z;1;"woc288" [0];"woc288" [0];rw-r--r--;0
. 2026-10-06 11:17:53.498 right-up.svg;-;243;2026-10-06T01:01:00.000Z;1;"woc288" [0];"woc288" [0];rw-r--r--;0
. 2026-10-06 11:17:53.498 top-section-bg.png;-;1877527;2026-10-06T01:01:00.000Z;1;"woc288" [0];"woc288" [0];rw-r--r--;0
. 2026-10-06 11:17:53.498 Remote file '/www/images/introduce-educators/calendar.png' [2026-10-06T01:01:00.000Z] [889] is modified comparing to local file 'E:\김태호\업체별 작업\두골비\www\images\introduce-educators\calendar.png' [2026-09-28T06:26:49.144Z] [889]
. 2026-10-06 11:17:53.498 Remote file '/www/images/introduce-educators/dugolbi-che.svg' [2026-10-06T01:01:00.000Z] [5807] is modified comparing to local file 'E:\김태호\업체별 작업\두골비\www\images\introduce-educators\dugolbi-che.svg' [2026-09-28T06:26:48.743Z] [5807]
. 2026-10-06 11:17:53.498 Remote file '/www/images/introduce-educators/educator-01.png' [2026-10-06T01:01:00.000Z] [413600] is modified comparing to local file 'E:\김태호\업체별 작업\두골비\www\images\introduce-educators\educator-01.png' [2026-09-28T06:26:48.747Z] [413600]
. 2026-10-06 11:17:53.498 Remote file '/www/images/introduce-educators/educator-02.png' [2026-10-06T01:01:00.000Z] [324604] is modified comparing to local file 'E:\김태호\업체별 작업\두골비\www\images\introduce-educators\educator-02.png' [2026-09-28T06:26:48.750Z] [324604]
. 2026-10-06 11:17:53.498 Remote file '/www/images/introduce-educators/educator-03.png' [2026-10-06T01:01:00.000Z] [571503] is modified comparing to local file 'E:\김태호\업체별 작업\두골비\www\images\introduce-educators\educator-03.png' [2026-09-28T06:26:48.755Z] [571503]
. 2026-10-06 11:17:53.498 Remote file '/www/images/introduce-educators/information-map.png' [2026-10-06T01:01:00.000Z] [804632] is modified comparing to local file 'E:\김태호\업체별 작업\두골비\www\images\introduce-educators\information-map.png' [2026-09-28T06:26:48.762Z] [804632]
. 2026-10-06 11:17:53.499 Remote file '/www/images/introduce-educators/kakao-map.png' [2026-10-06T01:01:00.000Z] [1415] is modified comparing to local file 'E:\김태호\업체별 작업\두골비\www\images\introduce-educators\kakao-map.png' [2026-09-28T06:26:48.765Z] [1415]
. 2026-10-06 11:17:53.499 Remote file '/www/images/introduce-educators/location.png' [2026-10-06T01:01:00.000Z] [921] is modified comparing to local file 'E:\김태호\업체별 작업\두골비\www\images\introduce-educators\location.png' [2026-09-28T06:26:49.142Z] [921]
. 2026-10-06 11:17:53.499 Remote file '/www/images/introduce-educators/naver-map.png' [2026-10-06T01:01:00.000Z] [1917] is modified comparing to local file 'E:\김태호\업체별 작업\두골비\www\images\introduce-educators\naver-map.png' [2026-09-28T06:26:48.763Z] [1917]
. 2026-10-06 11:17:53.499 Remote file '/www/images/introduce-educators/phone.png' [2026-10-06T01:01:00.000Z] [829] is modified comparing to local file 'E:\김태호\업체별 작업\두골비\www\images\introduce-educators\phone.png' [2026-09-28T06:26:49.146Z] [829]
. 2026-10-06 11:17:53.499 Remote file '/www/images/introduce-educators/right-up.svg' [2026-10-06T01:01:00.000Z] [243] is modified comparing to local file 'E:\김태호\업체별 작업\두골비\www\images\introduce-educators\right-up.svg' [2026-09-28T06:26:48.775Z] [243]
. 2026-10-06 11:17:53.499 Remote file '/www/images/introduce-educators/top-section-bg.png' [2026-10-06T01:01:00.000Z] [1877527] is modified comparing to local file 'E:\김태호\업체별 작업\두골비\www\images\introduce-educators\top-section-bg.png' [2026-09-28T06:26:48.739Z] [1877527]
. 2026-10-06 11:17:53.499 Remote file '/www/images/logo-black.svg' [2026-10-06T01:01:00.000Z] [13995] is modified comparing to local file 'E:\김태호\업체별 작업\두골비\www\images\logo-black.svg' [2026-09-22T07:47:45.657Z] [13995]
. 2026-10-06 11:17:53.499 Remote file '/www/images/logo-white.svg' [2026-10-06T01:01:00.000Z] [13995] is modified comparing to local file 'E:\김태호\업체별 작업\두골비\www\images\logo-white.svg' [2026-09-22T07:47:35.180Z] [13995]
. 2026-10-06 11:17:53.499 Collecting synchronization list for local directory 'E:\김태호\업체별 작업\두골비\www\images\main' and remote directory '/www/images/main', mode = Remote, params = 0x2 (NoConfirmation), file mask = '| .git/; .codex/; .agents/; ai/; font/; .gitignore; AGENTS.md; DELIVERY_CHECK.md; PC-REFACTOR.md; CSS_MERGE_PROGRESS.md; RESPONSIVE_PROGRESS.md; deploy.bat; deploy.txt; deploy.log; router.php; www.zip'
. 2026-10-06 11:17:53.500 Local file 'E:\김태호\업체별 작업\두골비\www\images\main\.' [2026-09-23T05:20:49.771Z] [0] excluded from synchronization
. 2026-10-06 11:17:53.500 Local file 'E:\김태호\업체별 작업\두골비\www\images\main\..' [2026-09-23T05:20:49.771Z] [0] excluded from synchronization
. 2026-10-06 11:17:53.500 Local file 'E:\김태호\업체별 작업\두골비\www\images\main\bg-line.svg' [2026-09-21T07:48:02.376Z] [4777] included to synchronization
. 2026-10-06 11:17:53.500 Local file 'E:\김태호\업체별 작업\두골비\www\images\main\ceo-01.png' [2026-09-21T07:14:43.636Z] [634216] included to synchronization
. 2026-10-06 11:17:53.500 Local file 'E:\김태호\업체별 작업\두골비\www\images\main\growth-01.jpg' [2026-09-21T06:48:52.333Z] [130559] included to synchronization
. 2026-10-06 11:17:53.500 Local file 'E:\김태호\업체별 작업\두골비\www\images\main\growth-02.jpg' [2026-09-21T06:34:58.929Z] [172003] included to synchronization
. 2026-10-06 11:17:53.500 Local file 'E:\김태호\업체별 작업\두골비\www\images\main\growth-03.jpg' [2026-09-21T06:34:58.930Z] [198544] included to synchronization
. 2026-10-06 11:17:53.500 Local file 'E:\김태호\업체별 작업\두골비\www\images\main\growth-04.jpg' [2026-09-21T06:34:58.930Z] [154298] included to synchronization
. 2026-10-06 11:17:53.500 Local file 'E:\김태호\업체별 작업\두골비\www\images\main\growth-05.jpg' [2026-09-21T06:34:58.931Z] [108812] included to synchronization
. 2026-10-06 11:17:53.500 Local file 'E:\김태호\업체별 작업\두골비\www\images\main\hero-01.jpg' [2026-09-22T08:17:48.237Z] [1247341] included to synchronization
. 2026-10-06 11:17:53.500 Local file 'E:\김태호\업체별 작업\두골비\www\images\main\hero-02.jpg' [2026-09-22T08:17:48.551Z] [1473016] included to synchronization
. 2026-10-06 11:17:53.500 Local file 'E:\김태호\업체별 작업\두골비\www\images\main\hero-03.jpg' [2026-09-22T08:17:48.559Z] [1454682] included to synchronization
. 2026-10-06 11:17:53.500 Local file 'E:\김태호\업체별 작업\두골비\www\images\main\inquiry-bg.jpg' [2026-09-22T05:36:59.914Z] [1182876] included to synchronization
. 2026-10-06 11:17:53.500 Local file 'E:\김태호\업체별 작업\두골비\www\images\main\main-clip-bg.jpg' [2026-09-22T06:04:46.069Z] [1959584] included to synchronization
. 2026-10-06 11:17:53.500 Local file 'E:\김태호\업체별 작업\두골비\www\images\main\news-01.jpg' [2026-09-21T09:06:28.121Z] [146117] included to synchronization
. 2026-10-06 11:17:53.500 Local file 'E:\김태호\업체별 작업\두골비\www\images\main\review-01.jpg' [2026-09-21T08:44:30.837Z] [107445] included to synchronization
. 2026-10-06 11:17:53.500 Local file 'E:\김태호\업체별 작업\두골비\www\images\main\review-02.jpg' [2026-09-21T08:44:30.838Z] [67055] included to synchronization
. 2026-10-06 11:17:53.500 Local file 'E:\김태호\업체별 작업\두골비\www\images\main\review-03.jpg' [2026-09-21T08:44:30.839Z] [114171] included to synchronization
. 2026-10-06 11:17:53.500 Local file 'E:\김태호\업체별 작업\두골비\www\images\main\review-04.jpg' [2026-09-21T08:44:30.840Z] [91107] included to synchronization
. 2026-10-06 11:17:53.500 Local file 'E:\김태호\업체별 작업\두골비\www\images\main\review-05.jpg' [2026-09-21T08:44:30.841Z] [106166] included to synchronization
. 2026-10-06 11:17:53.500 Local file 'E:\김태호\업체별 작업\두골비\www\images\main\review-06.jpg' [2026-09-21T08:44:30.843Z] [50775] included to synchronization
. 2026-10-06 11:17:53.500 Local file 'E:\김태호\업체별 작업\두골비\www\images\main\review-07.jpg' [2026-09-21T08:44:30.844Z] [98798] included to synchronization
. 2026-10-06 11:17:53.500 Local file 'E:\김태호\업체별 작업\두골비\www\images\main\review-08.jpg' [2026-09-21T08:44:30.845Z] [57366] included to synchronization
. 2026-10-06 11:17:53.500 Local file 'E:\김태호\업체별 작업\두골비\www\images\main\section03-bg.jpg' [2026-09-21T05:03:09.661Z] [174334] included to synchronization
. 2026-10-06 11:17:53.500 Local file 'E:\김태호\업체별 작업\두골비\www\images\main\section03-orbit.svg' [2026-09-21T05:05:53.235Z] [860] included to synchronization
. 2026-10-06 11:17:53.500 Local file 'E:\김태호\업체별 작업\두골비\www\images\main\section03-point.svg' [2026-09-23T05:59:38.137Z] [13486] included to synchronization
. 2026-10-06 11:17:53.500 Local file 'E:\김태호\업체별 작업\두골비\www\images\main\section03-skull.png' [2026-09-21T05:02:11.311Z] [509661] included to synchronization
. 2026-10-06 11:17:53.500 Local file 'E:\김태호\업체별 작업\두골비\www\images\main\section06-bg.jpg' [2026-09-21T08:05:10.507Z] [898034] included to synchronization
. 2026-10-06 11:17:53.500 Local file 'E:\김태호\업체별 작업\두골비\www\images\main\section06-item-bg01.jpg' [2026-09-21T08:31:19.234Z] [142307] included to synchronization
. 2026-10-06 11:17:53.500 Local file 'E:\김태호\업체별 작업\두골비\www\images\main\section06-item-bg02.jpg' [2026-09-21T08:31:19.234Z] [232540] included to synchronization
. 2026-10-06 11:17:53.500 Local file 'E:\김태호\업체별 작업\두골비\www\images\main\section06-item-bg03.jpg' [2026-09-21T08:31:19.232Z] [266267] included to synchronization
. 2026-10-06 11:17:53.500 Local file 'E:\김태호\업체별 작업\두골비\www\images\main\section06-item-bg04.jpg' [2026-09-21T08:31:19.231Z] [250493] included to synchronization
. 2026-10-06 11:17:53.500 Local file 'E:\김태호\업체별 작업\두골비\www\images\main\section06-item-bg05.jpg' [2026-09-21T08:31:19.231Z] [260859] included to synchronization
. 2026-10-06 11:17:53.501 Local file 'E:\김태호\업체별 작업\두골비\www\images\main\section06-item-bg06.jpg' [2026-09-21T08:31:19.230Z] [282870] included to synchronization
. 2026-10-06 11:17:53.501 디렉터리 목록을 가져오는 중...
> 2026-10-06 11:17:53.501 CWD /www/images/main
< 2026-10-06 11:17:53.509 250 CWD command successful
> 2026-10-06 11:17:53.509 PWD
< 2026-10-06 11:17:53.519 257 "/www/images/main" is the current directory
> 2026-10-06 11:17:53.520 TYPE A
< 2026-10-06 11:17:53.527 200 Type set to A
> 2026-10-06 11:17:53.528 PASV
< 2026-10-06 11:17:53.534 227 Entering Passive Mode (222,122,39,25,154,67).
> 2026-10-06 11:17:53.534 LIST -a
. 2026-10-06 11:17:53.534 222.122.39.25:39491에 접속 중...
< 2026-10-06 11:17:53.552 150 Opening ASCII mode data connection for file list
. 2026-10-06 11:17:53.553 drwxr-xr-x   2 woc288   woc288       4096 Oct  2 17:52 .
. 2026-10-06 11:17:53.553 drwxr-xr-x  18 woc288   woc288       4096 Oct  2 17:52 ..
. 2026-10-06 11:17:53.553 -rw-r--r--   1 woc288   woc288       4777 Oct  6 10:01 bg-line.svg
. 2026-10-06 11:17:53.553 -rw-r--r--   1 woc288   woc288     634216 Oct  6 10:01 ceo-01.png
. 2026-10-06 11:17:53.553 -rw-r--r--   1 woc288   woc288     130559 Oct  6 10:01 growth-01.jpg
. 2026-10-06 11:17:53.553 -rw-r--r--   1 woc288   woc288     172003 Oct  6 10:01 growth-02.jpg
. 2026-10-06 11:17:53.553 -rw-r--r--   1 woc288   woc288     198544 Oct  6 10:01 growth-03.jpg
. 2026-10-06 11:17:53.553 -rw-r--r--   1 woc288   woc288     154298 Oct  6 10:01 growth-04.jpg
. 2026-10-06 11:17:53.553 -rw-r--r--   1 woc288   woc288     108812 Oct  6 10:01 growth-05.jpg
. 2026-10-06 11:17:53.553 -rw-r--r--   1 woc288   woc288    1247341 Oct  6 10:01 hero-01.jpg
. 2026-10-06 11:17:53.553 -rw-r--r--   1 woc288   woc288    1473016 Oct  6 10:01 hero-02.jpg
. 2026-10-06 11:17:53.553 -rw-r--r--   1 woc288   woc288    1454682 Oct  6 10:01 hero-03.jpg
. 2026-10-06 11:17:53.553 -rw-r--r--   1 woc288   woc288    1182876 Oct  6 10:01 inquiry-bg.jpg
. 2026-10-06 11:17:53.553 -rw-r--r--   1 woc288   woc288    1959584 Oct  6 10:01 main-clip-bg.jpg
. 2026-10-06 11:17:53.553 -rw-r--r--   1 woc288   woc288     146117 Oct  6 10:01 news-01.jpg
. 2026-10-06 11:17:53.553 -rw-r--r--   1 woc288   woc288     107445 Oct  6 10:01 review-01.jpg
. 2026-10-06 11:17:53.553 -rw-r--r--   1 woc288   woc288      67055 Oct  6 10:01 review-02.jpg
. 2026-10-06 11:17:53.553 -rw-r--r--   1 woc288   woc288     114171 Oct  6 10:01 review-03.jpg
. 2026-10-06 11:17:53.553 -rw-r--r--   1 woc288   woc288      91107 Oct  6 10:01 review-04.jpg
. 2026-10-06 11:17:53.553 -rw-r--r--   1 woc288   woc288     106166 Oct  6 10:01 review-05.jpg
. 2026-10-06 11:17:53.553 -rw-r--r--   1 woc288   woc288      50775 Oct  6 10:01 review-06.jpg
. 2026-10-06 11:17:53.553 -rw-r--r--   1 woc288   woc288      98798 Oct  6 10:01 review-07.jpg
. 2026-10-06 11:17:53.553 -rw-r--r--   1 woc288   woc288      57366 Oct  6 10:01 review-08.jpg
. 2026-10-06 11:17:53.554 -rw-r--r--   1 woc288   woc288     174334 Oct  6 10:01 section03-bg.jpg
. 2026-10-06 11:17:53.554 -rw-r--r--   1 woc288   woc288        860 Oct  6 10:01 section03-orbit.svg
. 2026-10-06 11:17:53.554 -rw-r--r--   1 woc288   woc288      13486 Oct  6 10:01 section03-point.svg
. 2026-10-06 11:17:53.554 -rw-r--r--   1 woc288   woc288     509661 Oct  6 10:01 section03-skull.png
. 2026-10-06 11:17:53.554 -rw-r--r--   1 woc288   woc288     898034 Oct  6 10:01 section06-bg.jpg
. 2026-10-06 11:17:53.554 -rw-r--r--   1 woc288   woc288     142307 Oct  6 10:01 section06-item-bg01.jpg
. 2026-10-06 11:17:53.554 -rw-r--r--   1 woc288   woc288     232540 Oct  6 10:01 section06-item-bg02.jpg
. 2026-10-06 11:17:53.554 -rw-r--r--   1 woc288   woc288     266267 Oct  6 10:01 section06-item-bg03.jpg
. 2026-10-06 11:17:53.554 -rw-r--r--   1 woc288   woc288     250493 Oct  6 10:01 section06-item-bg04.jpg
. 2026-10-06 11:17:53.554 -rw-r--r--   1 woc288   woc288     260859 Oct  6 10:01 section06-item-bg05.jpg
. 2026-10-06 11:17:53.554 -rw-r--r--   1 woc288   woc288     282870 Oct  6 10:01 section06-item-bg06.jpg
. 2026-10-06 11:17:53.554 Data connection closed
< 2026-10-06 11:17:53.561 226 Transfer complete
. 2026-10-06 11:17:53.561 디렉터리 목록 획득을 성공하였습니다
. 2026-10-06 11:17:53.561 ..;D;0;1899-12-30T09:00:00.000Z;0;"" [0];"" [0];---------;0
. 2026-10-06 11:17:53.561 bg-line.svg;-;4777;2026-10-06T01:01:00.000Z;1;"woc288" [0];"woc288" [0];rw-r--r--;0
. 2026-10-06 11:17:53.561 ceo-01.png;-;634216;2026-10-06T01:01:00.000Z;1;"woc288" [0];"woc288" [0];rw-r--r--;0
. 2026-10-06 11:17:53.561 growth-01.jpg;-;130559;2026-10-06T01:01:00.000Z;1;"woc288" [0];"woc288" [0];rw-r--r--;0
. 2026-10-06 11:17:53.561 growth-02.jpg;-;172003;2026-10-06T01:01:00.000Z;1;"woc288" [0];"woc288" [0];rw-r--r--;0
. 2026-10-06 11:17:53.561 growth-03.jpg;-;198544;2026-10-06T01:01:00.000Z;1;"woc288" [0];"woc288" [0];rw-r--r--;0
. 2026-10-06 11:17:53.561 growth-04.jpg;-;154298;2026-10-06T01:01:00.000Z;1;"woc288" [0];"woc288" [0];rw-r--r--;0
. 2026-10-06 11:17:53.561 growth-05.jpg;-;108812;2026-10-06T01:01:00.000Z;1;"woc288" [0];"woc288" [0];rw-r--r--;0
. 2026-10-06 11:17:53.561 hero-01.jpg;-;1247341;2026-10-06T01:01:00.000Z;1;"woc288" [0];"woc288" [0];rw-r--r--;0
. 2026-10-06 11:17:53.561 hero-02.jpg;-;1473016;2026-10-06T01:01:00.000Z;1;"woc288" [0];"woc288" [0];rw-r--r--;0
. 2026-10-06 11:17:53.561 hero-03.jpg;-;1454682;2026-10-06T01:01:00.000Z;1;"woc288" [0];"woc288" [0];rw-r--r--;0
. 2026-10-06 11:17:53.561 inquiry-bg.jpg;-;1182876;2026-10-06T01:01:00.000Z;1;"woc288" [0];"woc288" [0];rw-r--r--;0
. 2026-10-06 11:17:53.561 main-clip-bg.jpg;-;1959584;2026-10-06T01:01:00.000Z;1;"woc288" [0];"woc288" [0];rw-r--r--;0
. 2026-10-06 11:17:53.561 news-01.jpg;-;146117;2026-10-06T01:01:00.000Z;1;"woc288" [0];"woc288" [0];rw-r--r--;0
. 2026-10-06 11:17:53.561 review-01.jpg;-;107445;2026-10-06T01:01:00.000Z;1;"woc288" [0];"woc288" [0];rw-r--r--;0
. 2026-10-06 11:17:53.561 review-02.jpg;-;67055;2026-10-06T01:01:00.000Z;1;"woc288" [0];"woc288" [0];rw-r--r--;0
. 2026-10-06 11:17:53.561 review-03.jpg;-;114171;2026-10-06T01:01:00.000Z;1;"woc288" [0];"woc288" [0];rw-r--r--;0
. 2026-10-06 11:17:53.561 review-04.jpg;-;91107;2026-10-06T01:01:00.000Z;1;"woc288" [0];"woc288" [0];rw-r--r--;0
. 2026-10-06 11:17:53.561 review-05.jpg;-;106166;2026-10-06T01:01:00.000Z;1;"woc288" [0];"woc288" [0];rw-r--r--;0
. 2026-10-06 11:17:53.561 review-06.jpg;-;50775;2026-10-06T01:01:00.000Z;1;"woc288" [0];"woc288" [0];rw-r--r--;0
. 2026-10-06 11:17:53.561 review-07.jpg;-;98798;2026-10-06T01:01:00.000Z;1;"woc288" [0];"woc288" [0];rw-r--r--;0
. 2026-10-06 11:17:53.561 review-08.jpg;-;57366;2026-10-06T01:01:00.000Z;1;"woc288" [0];"woc288" [0];rw-r--r--;0
. 2026-10-06 11:17:53.561 section03-bg.jpg;-;174334;2026-10-06T01:01:00.000Z;1;"woc288" [0];"woc288" [0];rw-r--r--;0
. 2026-10-06 11:17:53.561 section03-orbit.svg;-;860;2026-10-06T01:01:00.000Z;1;"woc288" [0];"woc288" [0];rw-r--r--;0
. 2026-10-06 11:17:53.561 section03-point.svg;-;13486;2026-10-06T01:01:00.000Z;1;"woc288" [0];"woc288" [0];rw-r--r--;0
. 2026-10-06 11:17:53.561 section03-skull.png;-;509661;2026-10-06T01:01:00.000Z;1;"woc288" [0];"woc288" [0];rw-r--r--;0
. 2026-10-06 11:17:53.561 section06-bg.jpg;-;898034;2026-10-06T01:01:00.000Z;1;"woc288" [0];"woc288" [0];rw-r--r--;0
. 2026-10-06 11:17:53.561 section06-item-bg01.jpg;-;142307;2026-10-06T01:01:00.000Z;1;"woc288" [0];"woc288" [0];rw-r--r--;0
. 2026-10-06 11:17:53.561 section06-item-bg02.jpg;-;232540;2026-10-06T01:01:00.000Z;1;"woc288" [0];"woc288" [0];rw-r--r--;0
. 2026-10-06 11:17:53.561 section06-item-bg03.jpg;-;266267;2026-10-06T01:01:00.000Z;1;"woc288" [0];"woc288" [0];rw-r--r--;0
. 2026-10-06 11:17:53.561 section06-item-bg04.jpg;-;250493;2026-10-06T01:01:00.000Z;1;"woc288" [0];"woc288" [0];rw-r--r--;0
. 2026-10-06 11:17:53.561 section06-item-bg05.jpg;-;260859;2026-10-06T01:01:00.000Z;1;"woc288" [0];"woc288" [0];rw-r--r--;0
. 2026-10-06 11:17:53.562 section06-item-bg06.jpg;-;282870;2026-10-06T01:01:00.000Z;1;"woc288" [0];"woc288" [0];rw-r--r--;0
. 2026-10-06 11:17:53.562 Remote file '/www/images/main/bg-line.svg' [2026-10-06T01:01:00.000Z] [4777] is modified comparing to local file 'E:\김태호\업체별 작업\두골비\www\images\main\bg-line.svg' [2026-09-21T07:48:02.376Z] [4777]
. 2026-10-06 11:17:53.562 Remote file '/www/images/main/ceo-01.png' [2026-10-06T01:01:00.000Z] [634216] is modified comparing to local file 'E:\김태호\업체별 작업\두골비\www\images\main\ceo-01.png' [2026-09-21T07:14:43.636Z] [634216]
. 2026-10-06 11:17:53.562 Remote file '/www/images/main/growth-01.jpg' [2026-10-06T01:01:00.000Z] [130559] is modified comparing to local file 'E:\김태호\업체별 작업\두골비\www\images\main\growth-01.jpg' [2026-09-21T06:48:52.333Z] [130559]
. 2026-10-06 11:17:53.562 Remote file '/www/images/main/growth-02.jpg' [2026-10-06T01:01:00.000Z] [172003] is modified comparing to local file 'E:\김태호\업체별 작업\두골비\www\images\main\growth-02.jpg' [2026-09-21T06:34:58.929Z] [172003]
. 2026-10-06 11:17:53.562 Remote file '/www/images/main/growth-03.jpg' [2026-10-06T01:01:00.000Z] [198544] is modified comparing to local file 'E:\김태호\업체별 작업\두골비\www\images\main\growth-03.jpg' [2026-09-21T06:34:58.930Z] [198544]
. 2026-10-06 11:17:53.562 Remote file '/www/images/main/growth-04.jpg' [2026-10-06T01:01:00.000Z] [154298] is modified comparing to local file 'E:\김태호\업체별 작업\두골비\www\images\main\growth-04.jpg' [2026-09-21T06:34:58.930Z] [154298]
. 2026-10-06 11:17:53.562 Remote file '/www/images/main/growth-05.jpg' [2026-10-06T01:01:00.000Z] [108812] is modified comparing to local file 'E:\김태호\업체별 작업\두골비\www\images\main\growth-05.jpg' [2026-09-21T06:34:58.931Z] [108812]
. 2026-10-06 11:17:53.562 Remote file '/www/images/main/hero-01.jpg' [2026-10-06T01:01:00.000Z] [1247341] is modified comparing to local file 'E:\김태호\업체별 작업\두골비\www\images\main\hero-01.jpg' [2026-09-22T08:17:48.237Z] [1247341]
. 2026-10-06 11:17:53.562 Remote file '/www/images/main/hero-02.jpg' [2026-10-06T01:01:00.000Z] [1473016] is modified comparing to local file 'E:\김태호\업체별 작업\두골비\www\images\main\hero-02.jpg' [2026-09-22T08:17:48.551Z] [1473016]
. 2026-10-06 11:17:53.562 Remote file '/www/images/main/hero-03.jpg' [2026-10-06T01:01:00.000Z] [1454682] is modified comparing to local file 'E:\김태호\업체별 작업\두골비\www\images\main\hero-03.jpg' [2026-09-22T08:17:48.559Z] [1454682]
. 2026-10-06 11:17:53.562 Remote file '/www/images/main/inquiry-bg.jpg' [2026-10-06T01:01:00.000Z] [1182876] is modified comparing to local file 'E:\김태호\업체별 작업\두골비\www\images\main\inquiry-bg.jpg' [2026-09-22T05:36:59.914Z] [1182876]
. 2026-10-06 11:17:53.562 Remote file '/www/images/main/main-clip-bg.jpg' [2026-10-06T01:01:00.000Z] [1959584] is modified comparing to local file 'E:\김태호\업체별 작업\두골비\www\images\main\main-clip-bg.jpg' [2026-09-22T06:04:46.069Z] [1959584]
. 2026-10-06 11:17:53.562 Remote file '/www/images/main/news-01.jpg' [2026-10-06T01:01:00.000Z] [146117] is modified comparing to local file 'E:\김태호\업체별 작업\두골비\www\images\main\news-01.jpg' [2026-09-21T09:06:28.121Z] [146117]
. 2026-10-06 11:17:53.562 Remote file '/www/images/main/review-01.jpg' [2026-10-06T01:01:00.000Z] [107445] is modified comparing to local file 'E:\김태호\업체별 작업\두골비\www\images\main\review-01.jpg' [2026-09-21T08:44:30.837Z] [107445]
. 2026-10-06 11:17:53.562 Remote file '/www/images/main/review-02.jpg' [2026-10-06T01:01:00.000Z] [67055] is modified comparing to local file 'E:\김태호\업체별 작업\두골비\www\images\main\review-02.jpg' [2026-09-21T08:44:30.838Z] [67055]
. 2026-10-06 11:17:53.563 Remote file '/www/images/main/review-03.jpg' [2026-10-06T01:01:00.000Z] [114171] is modified comparing to local file 'E:\김태호\업체별 작업\두골비\www\images\main\review-03.jpg' [2026-09-21T08:44:30.839Z] [114171]
. 2026-10-06 11:17:53.563 Remote file '/www/images/main/review-04.jpg' [2026-10-06T01:01:00.000Z] [91107] is modified comparing to local file 'E:\김태호\업체별 작업\두골비\www\images\main\review-04.jpg' [2026-09-21T08:44:30.840Z] [91107]
. 2026-10-06 11:17:53.563 Remote file '/www/images/main/review-05.jpg' [2026-10-06T01:01:00.000Z] [106166] is modified comparing to local file 'E:\김태호\업체별 작업\두골비\www\images\main\review-05.jpg' [2026-09-21T08:44:30.841Z] [106166]
. 2026-10-06 11:17:53.563 Remote file '/www/images/main/review-06.jpg' [2026-10-06T01:01:00.000Z] [50775] is modified comparing to local file 'E:\김태호\업체별 작업\두골비\www\images\main\review-06.jpg' [2026-09-21T08:44:30.843Z] [50775]
. 2026-10-06 11:17:53.563 Remote file '/www/images/main/review-07.jpg' [2026-10-06T01:01:00.000Z] [98798] is modified comparing to local file 'E:\김태호\업체별 작업\두골비\www\images\main\review-07.jpg' [2026-09-21T08:44:30.844Z] [98798]
. 2026-10-06 11:17:53.563 Remote file '/www/images/main/review-08.jpg' [2026-10-06T01:01:00.000Z] [57366] is modified comparing to local file 'E:\김태호\업체별 작업\두골비\www\images\main\review-08.jpg' [2026-09-21T08:44:30.845Z] [57366]
. 2026-10-06 11:17:53.563 Remote file '/www/images/main/section03-bg.jpg' [2026-10-06T01:01:00.000Z] [174334] is modified comparing to local file 'E:\김태호\업체별 작업\두골비\www\images\main\section03-bg.jpg' [2026-09-21T05:03:09.661Z] [174334]
. 2026-10-06 11:17:53.563 Remote file '/www/images/main/section03-orbit.svg' [2026-10-06T01:01:00.000Z] [860] is modified comparing to local file 'E:\김태호\업체별 작업\두골비\www\images\main\section03-orbit.svg' [2026-09-21T05:05:53.235Z] [860]
. 2026-10-06 11:17:53.563 Remote file '/www/images/main/section03-point.svg' [2026-10-06T01:01:00.000Z] [13486] is modified comparing to local file 'E:\김태호\업체별 작업\두골비\www\images\main\section03-point.svg' [2026-09-23T05:59:38.137Z] [13486]
. 2026-10-06 11:17:53.563 Remote file '/www/images/main/section03-skull.png' [2026-10-06T01:01:00.000Z] [509661] is modified comparing to local file 'E:\김태호\업체별 작업\두골비\www\images\main\section03-skull.png' [2026-09-21T05:02:11.311Z] [509661]
. 2026-10-06 11:17:53.563 Remote file '/www/images/main/section06-bg.jpg' [2026-10-06T01:01:00.000Z] [898034] is modified comparing to local file 'E:\김태호\업체별 작업\두골비\www\images\main\section06-bg.jpg' [2026-09-21T08:05:10.507Z] [898034]
. 2026-10-06 11:17:53.563 Remote file '/www/images/main/section06-item-bg01.jpg' [2026-10-06T01:01:00.000Z] [142307] is modified comparing to local file 'E:\김태호\업체별 작업\두골비\www\images\main\section06-item-bg01.jpg' [2026-09-21T08:31:19.234Z] [142307]
. 2026-10-06 11:17:53.563 Remote file '/www/images/main/section06-item-bg02.jpg' [2026-10-06T01:01:00.000Z] [232540] is modified comparing to local file 'E:\김태호\업체별 작업\두골비\www\images\main\section06-item-bg02.jpg' [2026-09-21T08:31:19.234Z] [232540]
. 2026-10-06 11:17:53.563 Remote file '/www/images/main/section06-item-bg03.jpg' [2026-10-06T01:01:00.000Z] [266267] is modified comparing to local file 'E:\김태호\업체별 작업\두골비\www\images\main\section06-item-bg03.jpg' [2026-09-21T08:31:19.232Z] [266267]
. 2026-10-06 11:17:53.563 Remote file '/www/images/main/section06-item-bg04.jpg' [2026-10-06T01:01:00.000Z] [250493] is modified comparing to local file 'E:\김태호\업체별 작업\두골비\www\images\main\section06-item-bg04.jpg' [2026-09-21T08:31:19.231Z] [250493]
. 2026-10-06 11:17:53.563 Remote file '/www/images/main/section06-item-bg05.jpg' [2026-10-06T01:01:00.000Z] [260859] is modified comparing to local file 'E:\김태호\업체별 작업\두골비\www\images\main\section06-item-bg05.jpg' [2026-09-21T08:31:19.231Z] [260859]
. 2026-10-06 11:17:53.563 Remote file '/www/images/main/section06-item-bg06.jpg' [2026-10-06T01:01:00.000Z] [282870] is modified comparing to local file 'E:\김태호\업체별 작업\두골비\www\images\main\section06-item-bg06.jpg' [2026-09-21T08:31:19.230Z] [282870]
. 2026-10-06 11:17:53.563 Collecting synchronization list for local directory 'E:\김태호\업체별 작업\두골비\www\images\menu' and remote directory '/www/images/menu', mode = Remote, params = 0x2 (NoConfirmation), file mask = '| .git/; .codex/; .agents/; ai/; font/; .gitignore; AGENTS.md; DELIVERY_CHECK.md; PC-REFACTOR.md; CSS_MERGE_PROGRESS.md; RESPONSIVE_PROGRESS.md; deploy.bat; deploy.txt; deploy.log; router.php; www.zip'
. 2026-10-06 11:17:53.564 Local file 'E:\김태호\업체별 작업\두골비\www\images\menu\.' [2026-10-01T06:18:14.162Z] [0] excluded from synchronization
. 2026-10-06 11:17:53.564 Local file 'E:\김태호\업체별 작업\두골비\www\images\menu\..' [2026-10-01T06:18:14.162Z] [0] excluded from synchronization
. 2026-10-06 11:17:53.564 Local file 'E:\김태호\업체별 작업\두골비\www\images\menu\about.jpg' [2026-10-01T06:18:14.162Z] [45865] included to synchronization
. 2026-10-06 11:17:53.564 Local file 'E:\김태호\업체별 작업\두골비\www\images\menu\clinical.jpg' [2026-10-01T06:18:14.146Z] [59372] included to synchronization
. 2026-10-06 11:17:53.564 Local file 'E:\김태호\업체별 작업\두골비\www\images\menu\community.jpg' [2026-10-01T06:18:14.152Z] [169614] included to synchronization
. 2026-10-06 11:17:53.564 Local file 'E:\김태호\업체별 작업\두골비\www\images\menu\education.jpg' [2026-10-01T06:18:14.147Z] [76066] included to synchronization
. 2026-10-06 11:17:53.564 Local file 'E:\김태호\업체별 작업\두골비\www\images\menu\professional.jpg' [2026-10-01T06:18:14.146Z] [60863] included to synchronization
. 2026-10-06 11:17:53.564 Local file 'E:\김태호\업체별 작업\두골비\www\images\menu\signature.jpg' [2026-10-01T06:18:14.148Z] [85462] included to synchronization
. 2026-10-06 11:17:53.564 디렉터리 목록을 가져오는 중...
> 2026-10-06 11:17:53.564 CWD /www/images/menu
< 2026-10-06 11:17:53.574 250 CWD command successful
> 2026-10-06 11:17:53.574 PWD
< 2026-10-06 11:17:53.582 257 "/www/images/menu" is the current directory
> 2026-10-06 11:17:53.582 TYPE A
< 2026-10-06 11:17:53.589 200 Type set to A
> 2026-10-06 11:17:53.589 PASV
< 2026-10-06 11:17:53.596 227 Entering Passive Mode (222,122,39,25,121,22).
> 2026-10-06 11:17:53.596 LIST -a
. 2026-10-06 11:17:53.596 222.122.39.25:30998에 접속 중...
< 2026-10-06 11:17:53.614 150 Opening ASCII mode data connection for file list
. 2026-10-06 11:17:53.615 drwxr-xr-x   2 woc288   woc288       4096 Oct  2 17:52 .
. 2026-10-06 11:17:53.615 drwxr-xr-x  18 woc288   woc288       4096 Oct  2 17:52 ..
. 2026-10-06 11:17:53.615 -rw-r--r--   1 woc288   woc288      45865 Oct  6 10:01 about.jpg
. 2026-10-06 11:17:53.615 -rw-r--r--   1 woc288   woc288      59372 Oct  6 10:01 clinical.jpg
. 2026-10-06 11:17:53.615 -rw-r--r--   1 woc288   woc288     169614 Oct  6 10:01 community.jpg
. 2026-10-06 11:17:53.615 -rw-r--r--   1 woc288   woc288      76066 Oct  6 10:01 education.jpg
. 2026-10-06 11:17:53.615 -rw-r--r--   1 woc288   woc288      60863 Oct  6 10:01 professional.jpg
. 2026-10-06 11:17:53.615 -rw-r--r--   1 woc288   woc288      85462 Oct  6 10:01 signature.jpg
. 2026-10-06 11:17:53.615 Data connection closed
< 2026-10-06 11:17:53.627 226 Transfer complete
. 2026-10-06 11:17:53.627 디렉터리 목록 획득을 성공하였습니다
. 2026-10-06 11:17:53.627 ..;D;0;1899-12-30T09:00:00.000Z;0;"" [0];"" [0];---------;0
. 2026-10-06 11:17:53.628 about.jpg;-;45865;2026-10-06T01:01:00.000Z;1;"woc288" [0];"woc288" [0];rw-r--r--;0
. 2026-10-06 11:17:53.628 clinical.jpg;-;59372;2026-10-06T01:01:00.000Z;1;"woc288" [0];"woc288" [0];rw-r--r--;0
. 2026-10-06 11:17:53.628 community.jpg;-;169614;2026-10-06T01:01:00.000Z;1;"woc288" [0];"woc288" [0];rw-r--r--;0
. 2026-10-06 11:17:53.628 education.jpg;-;76066;2026-10-06T01:01:00.000Z;1;"woc288" [0];"woc288" [0];rw-r--r--;0
. 2026-10-06 11:17:53.628 professional.jpg;-;60863;2026-10-06T01:01:00.000Z;1;"woc288" [0];"woc288" [0];rw-r--r--;0
. 2026-10-06 11:17:53.628 signature.jpg;-;85462;2026-10-06T01:01:00.000Z;1;"woc288" [0];"woc288" [0];rw-r--r--;0
. 2026-10-06 11:17:53.628 Remote file '/www/images/menu/about.jpg' [2026-10-06T01:01:00.000Z] [45865] is modified comparing to local file 'E:\김태호\업체별 작업\두골비\www\images\menu\about.jpg' [2026-10-01T06:18:14.162Z] [45865]
. 2026-10-06 11:17:53.628 Remote file '/www/images/menu/clinical.jpg' [2026-10-06T01:01:00.000Z] [59372] is modified comparing to local file 'E:\김태호\업체별 작업\두골비\www\images\menu\clinical.jpg' [2026-10-01T06:18:14.146Z] [59372]
. 2026-10-06 11:17:53.628 Remote file '/www/images/menu/community.jpg' [2026-10-06T01:01:00.000Z] [169614] is modified comparing to local file 'E:\김태호\업체별 작업\두골비\www\images\menu\community.jpg' [2026-10-01T06:18:14.152Z] [169614]
. 2026-10-06 11:17:53.628 Remote file '/www/images/menu/education.jpg' [2026-10-06T01:01:00.000Z] [76066] is modified comparing to local file 'E:\김태호\업체별 작업\두골비\www\images\menu\education.jpg' [2026-10-01T06:18:14.147Z] [76066]
. 2026-10-06 11:17:53.628 Remote file '/www/images/menu/professional.jpg' [2026-10-06T01:01:00.000Z] [60863] is modified comparing to local file 'E:\김태호\업체별 작업\두골비\www\images\menu\professional.jpg' [2026-10-01T06:18:14.146Z] [60863]
. 2026-10-06 11:17:53.628 Remote file '/www/images/menu/signature.jpg' [2026-10-06T01:01:00.000Z] [85462] is modified comparing to local file 'E:\김태호\업체별 작업\두골비\www\images\menu\signature.jpg' [2026-10-01T06:18:14.148Z] [85462]
. 2026-10-06 11:17:53.628 Collecting synchronization list for local directory 'E:\김태호\업체별 작업\두골비\www\images\montly' and remote directory '/www/images/montly', mode = Remote, params = 0x2 (NoConfirmation), file mask = '| .git/; .codex/; .agents/; ai/; font/; .gitignore; AGENTS.md; DELIVERY_CHECK.md; PC-REFACTOR.md; CSS_MERGE_PROGRESS.md; RESPONSIVE_PROGRESS.md; deploy.bat; deploy.txt; deploy.log; router.php; www.zip'
. 2026-10-06 11:17:53.629 Local file 'E:\김태호\업체별 작업\두골비\www\images\montly\.' [2026-09-29T02:48:17.948Z] [0] excluded from synchronization
. 2026-10-06 11:17:53.629 Local file 'E:\김태호\업체별 작업\두골비\www\images\montly\..' [2026-09-29T02:48:17.948Z] [0] excluded from synchronization
. 2026-10-06 11:17:53.629 Local file 'E:\김태호\업체별 작업\두골비\www\images\montly\top-section-bg.png' [2026-09-28T06:47:05.004Z] [1750326] included to synchronization
. 2026-10-06 11:17:53.629 디렉터리 목록을 가져오는 중...
> 2026-10-06 11:17:53.629 CWD /www/images/montly
< 2026-10-06 11:17:53.637 250 CWD command successful
> 2026-10-06 11:17:53.637 PWD
< 2026-10-06 11:17:53.644 257 "/www/images/montly" is the current directory
> 2026-10-06 11:17:53.644 TYPE A
< 2026-10-06 11:17:53.652 200 Type set to A
> 2026-10-06 11:17:53.652 PASV
< 2026-10-06 11:17:53.660 227 Entering Passive Mode (222,122,39,25,124,127).
> 2026-10-06 11:17:53.660 LIST -a
. 2026-10-06 11:17:53.660 222.122.39.25:31871에 접속 중...
< 2026-10-06 11:17:53.679 150 Opening ASCII mode data connection for file list
. 2026-10-06 11:17:53.680 drwxr-xr-x   2 woc288   woc288       4096 Oct  2 17:52 .
. 2026-10-06 11:17:53.680 drwxr-xr-x  18 woc288   woc288       4096 Oct  2 17:52 ..
. 2026-10-06 11:17:53.680 -rw-r--r--   1 woc288   woc288    1750326 Oct  6 10:01 top-section-bg.png
. 2026-10-06 11:17:53.680 Data connection closed
< 2026-10-06 11:17:53.689 226 Transfer complete
. 2026-10-06 11:17:53.689 디렉터리 목록 획득을 성공하였습니다
. 2026-10-06 11:17:53.689 ..;D;0;1899-12-30T09:00:00.000Z;0;"" [0];"" [0];---------;0
. 2026-10-06 11:17:53.689 top-section-bg.png;-;1750326;2026-10-06T01:01:00.000Z;1;"woc288" [0];"woc288" [0];rw-r--r--;0
. 2026-10-06 11:17:53.689 Remote file '/www/images/montly/top-section-bg.png' [2026-10-06T01:01:00.000Z] [1750326] is modified comparing to local file 'E:\김태호\업체별 작업\두골비\www\images\montly\top-section-bg.png' [2026-09-28T06:47:05.004Z] [1750326]
. 2026-10-06 11:17:53.689 Collecting synchronization list for local directory 'E:\김태호\업체별 작업\두골비\www\images\network' and remote directory '/www/images/network', mode = Remote, params = 0x2 (NoConfirmation), file mask = '| .git/; .codex/; .agents/; ai/; font/; .gitignore; AGENTS.md; DELIVERY_CHECK.md; PC-REFACTOR.md; CSS_MERGE_PROGRESS.md; RESPONSIVE_PROGRESS.md; deploy.bat; deploy.txt; deploy.log; router.php; www.zip'
. 2026-10-06 11:17:53.690 Local file 'E:\김태호\업체별 작업\두골비\www\images\network\.' [2026-09-28T07:05:40.834Z] [0] excluded from synchronization
. 2026-10-06 11:17:53.690 Local file 'E:\김태호\업체별 작업\두골비\www\images\network\..' [2026-09-28T07:05:40.834Z] [0] excluded from synchronization
. 2026-10-06 11:17:53.690 Local file 'E:\김태호\업체별 작업\두골비\www\images\network\branch-interior.png' [2026-09-28T06:46:44.290Z] [319361] included to synchronization
. 2026-10-06 11:17:53.690 Local file 'E:\김태호\업체별 작업\두골비\www\images\network\calendar.png' [2026-09-28T01:00:54.433Z] [889] included to synchronization
. 2026-10-06 11:17:53.690 Local file 'E:\김태호\업체별 작업\두골비\www\images\network\dugolbi-che.svg' [2026-09-28T00:36:38.019Z] [5807] included to synchronization
. 2026-10-06 11:17:53.690 Local file 'E:\김태호\업체별 작업\두골비\www\images\network\information-map.png' [2026-09-28T01:01:19.849Z] [804632] included to synchronization
. 2026-10-06 11:17:53.690 Local file 'E:\김태호\업체별 작업\두골비\www\images\network\kakao-map.png' [2026-09-28T00:35:45.284Z] [1415] included to synchronization
. 2026-10-06 11:17:53.690 Local file 'E:\김태호\업체별 작업\두골비\www\images\network\location.png' [2026-09-28T01:00:47.772Z] [921] included to synchronization
. 2026-10-06 11:17:53.690 Local file 'E:\김태호\업체별 작업\두골비\www\images\network\naver-map.png' [2026-09-28T00:35:35.685Z] [1917] included to synchronization
. 2026-10-06 11:17:53.690 Local file 'E:\김태호\업체별 작업\두골비\www\images\network\phone.png' [2026-09-28T01:01:00.157Z] [829] included to synchronization
. 2026-10-06 11:17:53.690 Local file 'E:\김태호\업체별 작업\두골비\www\images\network\right-up.svg' [2026-09-28T00:35:56.078Z] [243] included to synchronization
. 2026-10-06 11:17:53.690 Local file 'E:\김태호\업체별 작업\두골비\www\images\network\top-section-bg.png' [2026-09-28T06:47:05.004Z] [1750326] included to synchronization
. 2026-10-06 11:17:53.690 디렉터리 목록을 가져오는 중...
> 2026-10-06 11:17:53.690 CWD /www/images/network
< 2026-10-06 11:17:53.699 250 CWD command successful
> 2026-10-06 11:17:53.699 PWD
< 2026-10-06 11:17:53.708 257 "/www/images/network" is the current directory
> 2026-10-06 11:17:53.708 TYPE A
< 2026-10-06 11:17:53.716 200 Type set to A
> 2026-10-06 11:17:53.716 PASV
< 2026-10-06 11:17:53.723 227 Entering Passive Mode (222,122,39,25,131,195).
> 2026-10-06 11:17:53.723 LIST -a
. 2026-10-06 11:17:53.723 222.122.39.25:33731에 접속 중...
< 2026-10-06 11:17:53.741 150 Opening ASCII mode data connection for file list
. 2026-10-06 11:17:53.742 drwxr-xr-x   2 woc288   woc288       4096 Oct  2 17:52 .
. 2026-10-06 11:17:53.742 drwxr-xr-x  18 woc288   woc288       4096 Oct  2 17:52 ..
. 2026-10-06 11:17:53.742 -rw-r--r--   1 woc288   woc288     319361 Oct  6 10:01 branch-interior.png
. 2026-10-06 11:17:53.742 -rw-r--r--   1 woc288   woc288        889 Oct  6 10:01 calendar.png
. 2026-10-06 11:17:53.742 -rw-r--r--   1 woc288   woc288       5807 Oct  6 10:01 dugolbi-che.svg
. 2026-10-06 11:17:53.742 -rw-r--r--   1 woc288   woc288     804632 Oct  6 10:01 information-map.png
. 2026-10-06 11:17:53.742 -rw-r--r--   1 woc288   woc288       1415 Oct  6 10:01 kakao-map.png
. 2026-10-06 11:17:53.742 -rw-r--r--   1 woc288   woc288        921 Oct  6 10:01 location.png
. 2026-10-06 11:17:53.742 -rw-r--r--   1 woc288   woc288       1917 Oct  6 10:01 naver-map.png
. 2026-10-06 11:17:53.742 -rw-r--r--   1 woc288   woc288        829 Oct  6 10:01 phone.png
. 2026-10-06 11:17:53.742 -rw-r--r--   1 woc288   woc288        243 Oct  6 10:01 right-up.svg
. 2026-10-06 11:17:53.742 -rw-r--r--   1 woc288   woc288    1750326 Oct  6 10:01 top-section-bg.png
. 2026-10-06 11:17:53.742 Data connection closed
< 2026-10-06 11:17:53.750 226 Transfer complete
. 2026-10-06 11:17:53.750 디렉터리 목록 획득을 성공하였습니다
. 2026-10-06 11:17:53.750 ..;D;0;1899-12-30T09:00:00.000Z;0;"" [0];"" [0];---------;0
. 2026-10-06 11:17:53.750 branch-interior.png;-;319361;2026-10-06T01:01:00.000Z;1;"woc288" [0];"woc288" [0];rw-r--r--;0
. 2026-10-06 11:17:53.750 calendar.png;-;889;2026-10-06T01:01:00.000Z;1;"woc288" [0];"woc288" [0];rw-r--r--;0
. 2026-10-06 11:17:53.750 dugolbi-che.svg;-;5807;2026-10-06T01:01:00.000Z;1;"woc288" [0];"woc288" [0];rw-r--r--;0
. 2026-10-06 11:17:53.750 information-map.png;-;804632;2026-10-06T01:01:00.000Z;1;"woc288" [0];"woc288" [0];rw-r--r--;0
. 2026-10-06 11:17:53.750 kakao-map.png;-;1415;2026-10-06T01:01:00.000Z;1;"woc288" [0];"woc288" [0];rw-r--r--;0
. 2026-10-06 11:17:53.750 location.png;-;921;2026-10-06T01:01:00.000Z;1;"woc288" [0];"woc288" [0];rw-r--r--;0
. 2026-10-06 11:17:53.750 naver-map.png;-;1917;2026-10-06T01:01:00.000Z;1;"woc288" [0];"woc288" [0];rw-r--r--;0
. 2026-10-06 11:17:53.750 phone.png;-;829;2026-10-06T01:01:00.000Z;1;"woc288" [0];"woc288" [0];rw-r--r--;0
. 2026-10-06 11:17:53.750 right-up.svg;-;243;2026-10-06T01:01:00.000Z;1;"woc288" [0];"woc288" [0];rw-r--r--;0
. 2026-10-06 11:17:53.750 top-section-bg.png;-;1750326;2026-10-06T01:01:00.000Z;1;"woc288" [0];"woc288" [0];rw-r--r--;0
. 2026-10-06 11:17:53.751 Remote file '/www/images/network/branch-interior.png' [2026-10-06T01:01:00.000Z] [319361] is modified comparing to local file 'E:\김태호\업체별 작업\두골비\www\images\network\branch-interior.png' [2026-09-28T06:46:44.290Z] [319361]
. 2026-10-06 11:17:53.751 Remote file '/www/images/network/calendar.png' [2026-10-06T01:01:00.000Z] [889] is modified comparing to local file 'E:\김태호\업체별 작업\두골비\www\images\network\calendar.png' [2026-09-28T01:00:54.433Z] [889]
. 2026-10-06 11:17:53.751 Remote file '/www/images/network/dugolbi-che.svg' [2026-10-06T01:01:00.000Z] [5807] is modified comparing to local file 'E:\김태호\업체별 작업\두골비\www\images\network\dugolbi-che.svg' [2026-09-28T00:36:38.019Z] [5807]
. 2026-10-06 11:17:53.751 Remote file '/www/images/network/information-map.png' [2026-10-06T01:01:00.000Z] [804632] is modified comparing to local file 'E:\김태호\업체별 작업\두골비\www\images\network\information-map.png' [2026-09-28T01:01:19.849Z] [804632]
. 2026-10-06 11:17:53.751 Remote file '/www/images/network/kakao-map.png' [2026-10-06T01:01:00.000Z] [1415] is modified comparing to local file 'E:\김태호\업체별 작업\두골비\www\images\network\kakao-map.png' [2026-09-28T00:35:45.284Z] [1415]
. 2026-10-06 11:17:53.751 Remote file '/www/images/network/location.png' [2026-10-06T01:01:00.000Z] [921] is modified comparing to local file 'E:\김태호\업체별 작업\두골비\www\images\network\location.png' [2026-09-28T01:00:47.772Z] [921]
. 2026-10-06 11:17:53.751 Remote file '/www/images/network/naver-map.png' [2026-10-06T01:01:00.000Z] [1917] is modified comparing to local file 'E:\김태호\업체별 작업\두골비\www\images\network\naver-map.png' [2026-09-28T00:35:35.685Z] [1917]
. 2026-10-06 11:17:53.751 Remote file '/www/images/network/phone.png' [2026-10-06T01:01:00.000Z] [829] is modified comparing to local file 'E:\김태호\업체별 작업\두골비\www\images\network\phone.png' [2026-09-28T01:01:00.157Z] [829]
. 2026-10-06 11:17:53.751 Remote file '/www/images/network/right-up.svg' [2026-10-06T01:01:00.000Z] [243] is modified comparing to local file 'E:\김태호\업체별 작업\두골비\www\images\network\right-up.svg' [2026-09-28T00:35:56.078Z] [243]
. 2026-10-06 11:17:53.751 Remote file '/www/images/network/top-section-bg.png' [2026-10-06T01:01:00.000Z] [1750326] is modified comparing to local file 'E:\김태호\업체별 작업\두골비\www\images\network\top-section-bg.png' [2026-09-28T06:47:05.004Z] [1750326]
. 2026-10-06 11:17:53.751 Collecting synchronization list for local directory 'E:\김태호\업체별 작업\두골비\www\images\promotion' and remote directory '/www/images/promotion', mode = Remote, params = 0x2 (NoConfirmation), file mask = '| .git/; .codex/; .agents/; ai/; font/; .gitignore; AGENTS.md; DELIVERY_CHECK.md; PC-REFACTOR.md; CSS_MERGE_PROGRESS.md; RESPONSIVE_PROGRESS.md; deploy.bat; deploy.txt; deploy.log; router.php; www.zip'
. 2026-10-06 11:17:53.752 Local file 'E:\김태호\업체별 작업\두골비\www\images\promotion\.' [2026-09-29T01:59:49.959Z] [0] excluded from synchronization
. 2026-10-06 11:17:53.752 Local file 'E:\김태호\업체별 작업\두골비\www\images\promotion\..' [2026-09-29T01:59:49.959Z] [0] excluded from synchronization
. 2026-10-06 11:17:53.752 Local file 'E:\김태호\업체별 작업\두골비\www\images\promotion\decollete-popup-v1.png' [2026-09-29T01:59:37.193Z] [1577828] included to synchronization
. 2026-10-06 11:17:53.752 디렉터리 목록을 가져오는 중...
> 2026-10-06 11:17:53.752 CWD /www/images/promotion
< 2026-10-06 11:17:53.759 250 CWD command successful
> 2026-10-06 11:17:53.759 PWD
< 2026-10-06 11:17:53.772 257 "/www/images/promotion" is the current directory
> 2026-10-06 11:17:53.772 TYPE A
< 2026-10-06 11:17:53.783 200 Type set to A
> 2026-10-06 11:17:53.783 PASV
< 2026-10-06 11:17:53.790 227 Entering Passive Mode (222,122,39,25,144,185).
> 2026-10-06 11:17:53.790 LIST -a
. 2026-10-06 11:17:53.790 222.122.39.25:37049에 접속 중...
< 2026-10-06 11:17:53.809 150 Opening ASCII mode data connection for file list
. 2026-10-06 11:17:53.810 drwxr-xr-x   2 woc288   woc288       4096 Oct  2 17:52 .
. 2026-10-06 11:17:53.810 drwxr-xr-x  18 woc288   woc288       4096 Oct  2 17:52 ..
. 2026-10-06 11:17:53.810 -rw-r--r--   1 woc288   woc288    1577828 Oct  6 10:01 decollete-popup-v1.png
. 2026-10-06 11:17:53.810 Data connection closed
< 2026-10-06 11:17:53.818 226 Transfer complete
. 2026-10-06 11:17:53.818 디렉터리 목록 획득을 성공하였습니다
. 2026-10-06 11:17:53.818 ..;D;0;1899-12-30T09:00:00.000Z;0;"" [0];"" [0];---------;0
. 2026-10-06 11:17:53.818 decollete-popup-v1.png;-;1577828;2026-10-06T01:01:00.000Z;1;"woc288" [0];"woc288" [0];rw-r--r--;0
. 2026-10-06 11:17:53.818 Remote file '/www/images/promotion/decollete-popup-v1.png' [2026-10-06T01:01:00.000Z] [1577828] is modified comparing to local file 'E:\김태호\업체별 작업\두골비\www\images\promotion\decollete-popup-v1.png' [2026-09-29T01:59:37.193Z] [1577828]
. 2026-10-06 11:17:53.819 Collecting synchronization list for local directory 'E:\김태호\업체별 작업\두골비\www\images\promotion-detail' and remote directory '/www/images/promotion-detail', mode = Remote, params = 0x2 (NoConfirmation), file mask = '| .git/; .codex/; .agents/; ai/; font/; .gitignore; AGENTS.md; DELIVERY_CHECK.md; PC-REFACTOR.md; CSS_MERGE_PROGRESS.md; RESPONSIVE_PROGRESS.md; deploy.bat; deploy.txt; deploy.log; router.php; www.zip'
. 2026-10-06 11:17:53.819 Local file 'E:\김태호\업체별 작업\두골비\www\images\promotion-detail\.' [2026-10-01T01:46:28.801Z] [0] excluded from synchronization
. 2026-10-06 11:17:53.819 Local file 'E:\김태호\업체별 작업\두골비\www\images\promotion-detail\..' [2026-10-01T01:46:28.801Z] [0] excluded from synchronization
. 2026-10-06 11:17:53.819 Local file 'E:\김태호\업체별 작업\두골비\www\images\promotion-detail\opening-event.png' [2026-10-01T01:08:25.155Z] [2552821] included to synchronization
. 2026-10-06 11:17:53.819 디렉터리 목록을 가져오는 중...
> 2026-10-06 11:17:53.819 CWD /www/images/promotion-detail
< 2026-10-06 11:17:53.829 250 CWD command successful
> 2026-10-06 11:17:53.829 PWD
< 2026-10-06 11:17:53.837 257 "/www/images/promotion-detail" is the current directory
> 2026-10-06 11:17:53.837 TYPE A
< 2026-10-06 11:17:53.844 200 Type set to A
> 2026-10-06 11:17:53.844 PASV
< 2026-10-06 11:17:53.851 227 Entering Passive Mode (222,122,39,25,126,99).
> 2026-10-06 11:17:53.851 LIST -a
. 2026-10-06 11:17:53.851 222.122.39.25:32355에 접속 중...
< 2026-10-06 11:17:53.869 150 Opening ASCII mode data connection for file list
. 2026-10-06 11:17:53.870 drwxr-xr-x   2 woc288   woc288       4096 Oct  2 17:52 .
. 2026-10-06 11:17:53.870 drwxr-xr-x  18 woc288   woc288       4096 Oct  2 17:52 ..
. 2026-10-06 11:17:53.870 -rw-r--r--   1 woc288   woc288    2552821 Oct  6 10:01 opening-event.png
. 2026-10-06 11:17:53.870 Data connection closed
< 2026-10-06 11:17:53.878 226 Transfer complete
. 2026-10-06 11:17:53.878 디렉터리 목록 획득을 성공하였습니다
. 2026-10-06 11:17:53.878 ..;D;0;1899-12-30T09:00:00.000Z;0;"" [0];"" [0];---------;0
. 2026-10-06 11:17:53.878 opening-event.png;-;2552821;2026-10-06T01:01:00.000Z;1;"woc288" [0];"woc288" [0];rw-r--r--;0
. 2026-10-06 11:17:53.878 Remote file '/www/images/promotion-detail/opening-event.png' [2026-10-06T01:01:00.000Z] [2552821] is modified comparing to local file 'E:\김태호\업체별 작업\두골비\www\images\promotion-detail\opening-event.png' [2026-10-01T01:08:25.155Z] [2552821]
. 2026-10-06 11:17:53.878 Collecting synchronization list for local directory 'E:\김태호\업체별 작업\두골비\www\images\promotion-preview' and remote directory '/www/images/promotion-preview', mode = Remote, params = 0x2 (NoConfirmation), file mask = '| .git/; .codex/; .agents/; ai/; font/; .gitignore; AGENTS.md; DELIVERY_CHECK.md; PC-REFACTOR.md; CSS_MERGE_PROGRESS.md; RESPONSIVE_PROGRESS.md; deploy.bat; deploy.txt; deploy.log; router.php; www.zip'
. 2026-10-06 11:17:53.879 Local file 'E:\김태호\업체별 작업\두골비\www\images\promotion-preview\.' [2026-10-01T01:46:28.795Z] [0] excluded from synchronization
. 2026-10-06 11:17:53.879 Local file 'E:\김태호\업체별 작업\두골비\www\images\promotion-preview\..' [2026-10-01T01:46:28.795Z] [0] excluded from synchronization
. 2026-10-06 11:17:53.879 Local file 'E:\김태호\업체별 작업\두골비\www\images\promotion-preview\opening-event.png' [2026-10-01T01:08:07.782Z] [775381] included to synchronization
. 2026-10-06 11:17:53.879 디렉터리 목록을 가져오는 중...
> 2026-10-06 11:17:53.879 CWD /www/images/promotion-preview
< 2026-10-06 11:17:53.886 250 CWD command successful
> 2026-10-06 11:17:53.886 PWD
< 2026-10-06 11:17:53.894 257 "/www/images/promotion-preview" is the current directory
> 2026-10-06 11:17:53.894 TYPE A
< 2026-10-06 11:17:53.901 200 Type set to A
> 2026-10-06 11:17:53.902 PASV
< 2026-10-06 11:17:53.909 227 Entering Passive Mode (222,122,39,25,140,8).
> 2026-10-06 11:17:53.909 LIST -a
. 2026-10-06 11:17:53.909 222.122.39.25:35848에 접속 중...
< 2026-10-06 11:17:53.928 150 Opening ASCII mode data connection for file list
. 2026-10-06 11:17:53.929 drwxr-xr-x   2 woc288   woc288       4096 Oct  2 17:52 .
. 2026-10-06 11:17:53.929 drwxr-xr-x  18 woc288   woc288       4096 Oct  2 17:52 ..
. 2026-10-06 11:17:53.929 -rw-r--r--   1 woc288   woc288     775381 Oct  6 10:01 opening-event.png
. 2026-10-06 11:17:53.929 Data connection closed
< 2026-10-06 11:17:53.937 226 Transfer complete
. 2026-10-06 11:17:53.937 디렉터리 목록 획득을 성공하였습니다
. 2026-10-06 11:17:53.937 ..;D;0;1899-12-30T09:00:00.000Z;0;"" [0];"" [0];---------;0
. 2026-10-06 11:17:53.937 opening-event.png;-;775381;2026-10-06T01:01:00.000Z;1;"woc288" [0];"woc288" [0];rw-r--r--;0
. 2026-10-06 11:17:53.937 Remote file '/www/images/promotion-preview/opening-event.png' [2026-10-06T01:01:00.000Z] [775381] is modified comparing to local file 'E:\김태호\업체별 작업\두골비\www\images\promotion-preview\opening-event.png' [2026-10-01T01:08:07.782Z] [775381]
. 2026-10-06 11:17:53.938 Collecting synchronization list for local directory 'E:\김태호\업체별 작업\두골비\www\images\results' and remote directory '/www/images/results', mode = Remote, params = 0x2 (NoConfirmation), file mask = '| .git/; .codex/; .agents/; ai/; font/; .gitignore; AGENTS.md; DELIVERY_CHECK.md; PC-REFACTOR.md; CSS_MERGE_PROGRESS.md; RESPONSIVE_PROGRESS.md; deploy.bat; deploy.txt; deploy.log; router.php; www.zip'
. 2026-10-06 11:17:53.938 Local file 'E:\김태호\업체별 작업\두골비\www\images\results\.' [2026-09-28T07:05:41.106Z] [0] excluded from synchronization
. 2026-10-06 11:17:53.938 Local file 'E:\김태호\업체별 작업\두골비\www\images\results\..' [2026-09-28T07:05:41.106Z] [0] excluded from synchronization
. 2026-10-06 11:17:53.938 Local file 'E:\김태호\업체별 작업\두골비\www\images\results\calendar.png' [2026-09-28T01:00:54.433Z] [889] included to synchronization
. 2026-10-06 11:17:53.938 Local file 'E:\김태호\업체별 작업\두골비\www\images\results\dugolbi-che.svg' [2026-09-28T00:36:38.019Z] [5807] included to synchronization
. 2026-10-06 11:17:53.938 Local file 'E:\김태호\업체별 작업\두골비\www\images\results\information-map.png' [2026-09-28T01:01:19.849Z] [804632] included to synchronization
. 2026-10-06 11:17:53.938 Local file 'E:\김태호\업체별 작업\두골비\www\images\results\kakao-map.png' [2026-09-28T00:35:45.284Z] [1415] included to synchronization
. 2026-10-06 11:17:53.938 Local file 'E:\김태호\업체별 작업\두골비\www\images\results\location.png' [2026-09-28T01:00:47.772Z] [921] included to synchronization
. 2026-10-06 11:17:53.938 Local file 'E:\김태호\업체별 작업\두골비\www\images\results\naver-map.png' [2026-09-28T00:35:35.685Z] [1917] included to synchronization
. 2026-10-06 11:17:53.938 Local file 'E:\김태호\업체별 작업\두골비\www\images\results\phone.png' [2026-09-28T01:01:00.157Z] [829] included to synchronization
. 2026-10-06 11:17:53.938 Local file 'E:\김태호\업체별 작업\두골비\www\images\results\result-01.png' [2026-09-28T06:48:38.431Z] [189819] included to synchronization
. 2026-10-06 11:17:53.938 Local file 'E:\김태호\업체별 작업\두골비\www\images\results\result-02.png' [2026-09-28T06:48:38.429Z] [157269] included to synchronization
. 2026-10-06 11:17:53.938 Local file 'E:\김태호\업체별 작업\두골비\www\images\results\result-03.png' [2026-09-28T06:48:38.426Z] [164733] included to synchronization
. 2026-10-06 11:17:53.938 Local file 'E:\김태호\업체별 작업\두골비\www\images\results\result-04.png' [2026-09-28T06:48:38.423Z] [124231] included to synchronization
. 2026-10-06 11:17:53.938 Local file 'E:\김태호\업체별 작업\두골비\www\images\results\result-05.png' [2026-09-28T06:48:38.421Z] [168981] included to synchronization
. 2026-10-06 11:17:53.938 Local file 'E:\김태호\업체별 작업\두골비\www\images\results\result-06.png' [2026-09-28T06:48:38.418Z] [173754] included to synchronization
. 2026-10-06 11:17:53.939 Local file 'E:\김태호\업체별 작업\두골비\www\images\results\result-07.png' [2026-09-28T06:48:38.415Z] [189819] included to synchronization
. 2026-10-06 11:17:53.939 Local file 'E:\김태호\업체별 작업\두골비\www\images\results\result-08.png' [2026-09-28T06:48:38.413Z] [157269] included to synchronization
. 2026-10-06 11:17:53.939 Local file 'E:\김태호\업체별 작업\두골비\www\images\results\result-09.png' [2026-09-28T06:48:38.410Z] [164733] included to synchronization
. 2026-10-06 11:17:53.939 Local file 'E:\김태호\업체별 작업\두골비\www\images\results\right-up.svg' [2026-09-28T00:35:56.078Z] [243] included to synchronization
. 2026-10-06 11:17:53.939 Local file 'E:\김태호\업체별 작업\두골비\www\images\results\top-section-bg.png' [2026-09-28T06:48:57.115Z] [1750341] included to synchronization
. 2026-10-06 11:17:53.939 디렉터리 목록을 가져오는 중...
> 2026-10-06 11:17:53.939 CWD /www/images/results
< 2026-10-06 11:17:53.947 250 CWD command successful
> 2026-10-06 11:17:53.947 PWD
< 2026-10-06 11:17:53.956 257 "/www/images/results" is the current directory
> 2026-10-06 11:17:53.956 TYPE A
< 2026-10-06 11:17:53.963 200 Type set to A
> 2026-10-06 11:17:53.963 PASV
< 2026-10-06 11:17:53.972 227 Entering Passive Mode (222,122,39,25,122,33).
> 2026-10-06 11:17:53.972 LIST -a
. 2026-10-06 11:17:53.972 222.122.39.25:31265에 접속 중...
< 2026-10-06 11:17:53.992 150 Opening ASCII mode data connection for file list
. 2026-10-06 11:17:53.994 drwxr-xr-x   2 woc288   woc288       4096 Oct  2 17:52 .
. 2026-10-06 11:17:53.994 drwxr-xr-x  18 woc288   woc288       4096 Oct  2 17:52 ..
. 2026-10-06 11:17:53.994 -rw-r--r--   1 woc288   woc288        889 Oct  6 10:01 calendar.png
. 2026-10-06 11:17:53.994 -rw-r--r--   1 woc288   woc288       5807 Oct  6 10:01 dugolbi-che.svg
. 2026-10-06 11:17:53.994 -rw-r--r--   1 woc288   woc288     804632 Oct  6 10:01 information-map.png
. 2026-10-06 11:17:53.994 -rw-r--r--   1 woc288   woc288       1415 Oct  6 10:01 kakao-map.png
. 2026-10-06 11:17:53.994 -rw-r--r--   1 woc288   woc288        921 Oct  6 10:01 location.png
. 2026-10-06 11:17:53.994 -rw-r--r--   1 woc288   woc288       1917 Oct  6 10:01 naver-map.png
. 2026-10-06 11:17:53.994 -rw-r--r--   1 woc288   woc288        829 Oct  6 10:01 phone.png
. 2026-10-06 11:17:53.994 -rw-r--r--   1 woc288   woc288     189819 Oct  6 10:01 result-01.png
. 2026-10-06 11:17:53.994 -rw-r--r--   1 woc288   woc288     157269 Oct  6 10:01 result-02.png
. 2026-10-06 11:17:53.994 -rw-r--r--   1 woc288   woc288     164733 Oct  6 10:01 result-03.png
. 2026-10-06 11:17:53.994 -rw-r--r--   1 woc288   woc288     124231 Oct  6 10:01 result-04.png
. 2026-10-06 11:17:53.994 -rw-r--r--   1 woc288   woc288     168981 Oct  6 10:01 result-05.png
. 2026-10-06 11:17:53.994 -rw-r--r--   1 woc288   woc288     173754 Oct  6 10:01 result-06.png
. 2026-10-06 11:17:53.994 -rw-r--r--   1 woc288   woc288     189819 Oct  6 10:01 result-07.png
. 2026-10-06 11:17:53.994 -rw-r--r--   1 woc288   woc288     157269 Oct  6 10:01 result-08.png
. 2026-10-06 11:17:53.994 -rw-r--r--   1 woc288   woc288     164733 Oct  6 10:01 result-09.png
. 2026-10-06 11:17:53.994 -rw-r--r--   1 woc288   woc288        243 Oct  6 10:01 right-up.svg
. 2026-10-06 11:17:53.994 -rw-r--r--   1 woc288   woc288    1750341 Oct  6 10:01 top-section-bg.png
. 2026-10-06 11:17:53.994 Data connection closed
< 2026-10-06 11:17:54.003 226 Transfer complete
. 2026-10-06 11:17:54.003 디렉터리 목록 획득을 성공하였습니다
. 2026-10-06 11:17:54.003 ..;D;0;1899-12-30T09:00:00.000Z;0;"" [0];"" [0];---------;0
. 2026-10-06 11:17:54.003 calendar.png;-;889;2026-10-06T01:01:00.000Z;1;"woc288" [0];"woc288" [0];rw-r--r--;0
. 2026-10-06 11:17:54.003 dugolbi-che.svg;-;5807;2026-10-06T01:01:00.000Z;1;"woc288" [0];"woc288" [0];rw-r--r--;0
. 2026-10-06 11:17:54.003 information-map.png;-;804632;2026-10-06T01:01:00.000Z;1;"woc288" [0];"woc288" [0];rw-r--r--;0
. 2026-10-06 11:17:54.003 kakao-map.png;-;1415;2026-10-06T01:01:00.000Z;1;"woc288" [0];"woc288" [0];rw-r--r--;0
. 2026-10-06 11:17:54.003 location.png;-;921;2026-10-06T01:01:00.000Z;1;"woc288" [0];"woc288" [0];rw-r--r--;0
. 2026-10-06 11:17:54.003 naver-map.png;-;1917;2026-10-06T01:01:00.000Z;1;"woc288" [0];"woc288" [0];rw-r--r--;0
. 2026-10-06 11:17:54.003 phone.png;-;829;2026-10-06T01:01:00.000Z;1;"woc288" [0];"woc288" [0];rw-r--r--;0
. 2026-10-06 11:17:54.003 result-01.png;-;189819;2026-10-06T01:01:00.000Z;1;"woc288" [0];"woc288" [0];rw-r--r--;0
. 2026-10-06 11:17:54.003 result-02.png;-;157269;2026-10-06T01:01:00.000Z;1;"woc288" [0];"woc288" [0];rw-r--r--;0
. 2026-10-06 11:17:54.003 result-03.png;-;164733;2026-10-06T01:01:00.000Z;1;"woc288" [0];"woc288" [0];rw-r--r--;0
. 2026-10-06 11:17:54.003 result-04.png;-;124231;2026-10-06T01:01:00.000Z;1;"woc288" [0];"woc288" [0];rw-r--r--;0
. 2026-10-06 11:17:54.003 result-05.png;-;168981;2026-10-06T01:01:00.000Z;1;"woc288" [0];"woc288" [0];rw-r--r--;0
. 2026-10-06 11:17:54.003 result-06.png;-;173754;2026-10-06T01:01:00.000Z;1;"woc288" [0];"woc288" [0];rw-r--r--;0
. 2026-10-06 11:17:54.003 result-07.png;-;189819;2026-10-06T01:01:00.000Z;1;"woc288" [0];"woc288" [0];rw-r--r--;0
. 2026-10-06 11:17:54.003 result-08.png;-;157269;2026-10-06T01:01:00.000Z;1;"woc288" [0];"woc288" [0];rw-r--r--;0
. 2026-10-06 11:17:54.003 result-09.png;-;164733;2026-10-06T01:01:00.000Z;1;"woc288" [0];"woc288" [0];rw-r--r--;0
. 2026-10-06 11:17:54.003 right-up.svg;-;243;2026-10-06T01:01:00.000Z;1;"woc288" [0];"woc288" [0];rw-r--r--;0
. 2026-10-06 11:17:54.003 top-section-bg.png;-;1750341;2026-10-06T01:01:00.000Z;1;"woc288" [0];"woc288" [0];rw-r--r--;0
. 2026-10-06 11:17:54.003 Remote file '/www/images/results/calendar.png' [2026-10-06T01:01:00.000Z] [889] is modified comparing to local file 'E:\김태호\업체별 작업\두골비\www\images\results\calendar.png' [2026-09-28T01:00:54.433Z] [889]
. 2026-10-06 11:17:54.003 Remote file '/www/images/results/dugolbi-che.svg' [2026-10-06T01:01:00.000Z] [5807] is modified comparing to local file 'E:\김태호\업체별 작업\두골비\www\images\results\dugolbi-che.svg' [2026-09-28T00:36:38.019Z] [5807]
. 2026-10-06 11:17:54.003 Remote file '/www/images/results/information-map.png' [2026-10-06T01:01:00.000Z] [804632] is modified comparing to local file 'E:\김태호\업체별 작업\두골비\www\images\results\information-map.png' [2026-09-28T01:01:19.849Z] [804632]
. 2026-10-06 11:17:54.003 Remote file '/www/images/results/kakao-map.png' [2026-10-06T01:01:00.000Z] [1415] is modified comparing to local file 'E:\김태호\업체별 작업\두골비\www\images\results\kakao-map.png' [2026-09-28T00:35:45.284Z] [1415]
. 2026-10-06 11:17:54.003 Remote file '/www/images/results/location.png' [2026-10-06T01:01:00.000Z] [921] is modified comparing to local file 'E:\김태호\업체별 작업\두골비\www\images\results\location.png' [2026-09-28T01:00:47.772Z] [921]
. 2026-10-06 11:17:54.003 Remote file '/www/images/results/naver-map.png' [2026-10-06T01:01:00.000Z] [1917] is modified comparing to local file 'E:\김태호\업체별 작업\두골비\www\images\results\naver-map.png' [2026-09-28T00:35:35.685Z] [1917]
. 2026-10-06 11:17:54.003 Remote file '/www/images/results/phone.png' [2026-10-06T01:01:00.000Z] [829] is modified comparing to local file 'E:\김태호\업체별 작업\두골비\www\images\results\phone.png' [2026-09-28T01:01:00.157Z] [829]
. 2026-10-06 11:17:54.003 Remote file '/www/images/results/result-01.png' [2026-10-06T01:01:00.000Z] [189819] is modified comparing to local file 'E:\김태호\업체별 작업\두골비\www\images\results\result-01.png' [2026-09-28T06:48:38.431Z] [189819]
. 2026-10-06 11:17:54.003 Remote file '/www/images/results/result-02.png' [2026-10-06T01:01:00.000Z] [157269] is modified comparing to local file 'E:\김태호\업체별 작업\두골비\www\images\results\result-02.png' [2026-09-28T06:48:38.429Z] [157269]
. 2026-10-06 11:17:54.003 Remote file '/www/images/results/result-03.png' [2026-10-06T01:01:00.000Z] [164733] is modified comparing to local file 'E:\김태호\업체별 작업\두골비\www\images\results\result-03.png' [2026-09-28T06:48:38.426Z] [164733]
. 2026-10-06 11:17:54.004 Remote file '/www/images/results/result-04.png' [2026-10-06T01:01:00.000Z] [124231] is modified comparing to local file 'E:\김태호\업체별 작업\두골비\www\images\results\result-04.png' [2026-09-28T06:48:38.423Z] [124231]
. 2026-10-06 11:17:54.004 Remote file '/www/images/results/result-05.png' [2026-10-06T01:01:00.000Z] [168981] is modified comparing to local file 'E:\김태호\업체별 작업\두골비\www\images\results\result-05.png' [2026-09-28T06:48:38.421Z] [168981]
. 2026-10-06 11:17:54.004 Remote file '/www/images/results/result-06.png' [2026-10-06T01:01:00.000Z] [173754] is modified comparing to local file 'E:\김태호\업체별 작업\두골비\www\images\results\result-06.png' [2026-09-28T06:48:38.418Z] [173754]
. 2026-10-06 11:17:54.004 Remote file '/www/images/results/result-07.png' [2026-10-06T01:01:00.000Z] [189819] is modified comparing to local file 'E:\김태호\업체별 작업\두골비\www\images\results\result-07.png' [2026-09-28T06:48:38.415Z] [189819]
. 2026-10-06 11:17:54.004 Remote file '/www/images/results/result-08.png' [2026-10-06T01:01:00.000Z] [157269] is modified comparing to local file 'E:\김태호\업체별 작업\두골비\www\images\results\result-08.png' [2026-09-28T06:48:38.413Z] [157269]
. 2026-10-06 11:17:54.004 Remote file '/www/images/results/result-09.png' [2026-10-06T01:01:00.000Z] [164733] is modified comparing to local file 'E:\김태호\업체별 작업\두골비\www\images\results\result-09.png' [2026-09-28T06:48:38.410Z] [164733]
. 2026-10-06 11:17:54.004 Remote file '/www/images/results/right-up.svg' [2026-10-06T01:01:00.000Z] [243] is modified comparing to local file 'E:\김태호\업체별 작업\두골비\www\images\results\right-up.svg' [2026-09-28T00:35:56.078Z] [243]
. 2026-10-06 11:17:54.004 Remote file '/www/images/results/top-section-bg.png' [2026-10-06T01:01:00.000Z] [1750341] is modified comparing to local file 'E:\김태호\업체별 작업\두골비\www\images\results\top-section-bg.png' [2026-09-28T06:48:57.115Z] [1750341]
. 2026-10-06 11:17:54.004 Collecting synchronization list for local directory 'E:\김태호\업체별 작업\두골비\www\images\signature' and remote directory '/www/images/signature', mode = Remote, params = 0x2 (NoConfirmation), file mask = '| .git/; .codex/; .agents/; ai/; font/; .gitignore; AGENTS.md; DELIVERY_CHECK.md; PC-REFACTOR.md; CSS_MERGE_PROGRESS.md; RESPONSIVE_PROGRESS.md; deploy.bat; deploy.txt; deploy.log; router.php; www.zip'
. 2026-10-06 11:17:54.004 Local file 'E:\김태호\업체별 작업\두골비\www\images\signature\.' [2026-09-28T07:05:41.293Z] [0] excluded from synchronization
. 2026-10-06 11:17:54.005 Local file 'E:\김태호\업체별 작업\두골비\www\images\signature\..' [2026-09-28T07:05:41.293Z] [0] excluded from synchronization
. 2026-10-06 11:17:54.005 Local file 'E:\김태호\업체별 작업\두골비\www\images\signature\dugolbi-che.svg' [2026-09-28T00:36:38.019Z] [5807] included to synchronization
. 2026-10-06 11:17:54.005 Local file 'E:\김태호\업체별 작업\두골비\www\images\signature\education-card-01.png' [2026-09-28T06:56:10.428Z] [177491] included to synchronization
. 2026-10-06 11:17:54.005 Local file 'E:\김태호\업체별 작업\두골비\www\images\signature\education-card-02.png' [2026-09-28T06:56:10.772Z] [193801] included to synchronization
. 2026-10-06 11:17:54.005 Local file 'E:\김태호\업체별 작업\두골비\www\images\signature\education-card-03.png' [2026-09-28T06:56:10.815Z] [179239] included to synchronization
. 2026-10-06 11:17:54.005 Local file 'E:\김태호\업체별 작업\두골비\www\images\signature\education-panel.png' [2026-09-28T06:54:52.451Z] [850724] included to synchronization
. 2026-10-06 11:17:54.005 Local file 'E:\김태호\업체별 작업\두골비\www\images\signature\top-section-bg.png' [2026-09-28T06:49:20.148Z] [1750403] included to synchronization
. 2026-10-06 11:17:54.005 디렉터리 목록을 가져오는 중...
> 2026-10-06 11:17:54.005 CWD /www/images/signature
< 2026-10-06 11:17:54.013 250 CWD command successful
> 2026-10-06 11:17:54.013 PWD
< 2026-10-06 11:17:54.022 257 "/www/images/signature" is the current directory
> 2026-10-06 11:17:54.022 TYPE A
< 2026-10-06 11:17:54.030 200 Type set to A
> 2026-10-06 11:17:54.030 PASV
< 2026-10-06 11:17:54.038 227 Entering Passive Mode (222,122,39,25,139,111).
> 2026-10-06 11:17:54.038 LIST -a
. 2026-10-06 11:17:54.038 222.122.39.25:35695에 접속 중...
< 2026-10-06 11:17:54.057 150 Opening ASCII mode data connection for file list
. 2026-10-06 11:17:54.059 drwxr-xr-x   2 woc288   woc288       4096 Oct  2 17:52 .
. 2026-10-06 11:17:54.059 drwxr-xr-x  18 woc288   woc288       4096 Oct  2 17:52 ..
. 2026-10-06 11:17:54.059 -rw-r--r--   1 woc288   woc288       5807 Oct  6 10:01 dugolbi-che.svg
. 2026-10-06 11:17:54.059 -rw-r--r--   1 woc288   woc288     177491 Oct  6 10:01 education-card-01.png
. 2026-10-06 11:17:54.059 -rw-r--r--   1 woc288   woc288     193801 Oct  6 10:01 education-card-02.png
. 2026-10-06 11:17:54.059 -rw-r--r--   1 woc288   woc288     179239 Oct  6 10:01 education-card-03.png
. 2026-10-06 11:17:54.059 -rw-r--r--   1 woc288   woc288     850724 Oct  6 10:01 education-panel.png
. 2026-10-06 11:17:54.059 -rw-r--r--   1 woc288   woc288    1750403 Oct  6 10:01 top-section-bg.png
. 2026-10-06 11:17:54.059 Data connection closed
< 2026-10-06 11:17:54.068 226 Transfer complete
. 2026-10-06 11:17:54.068 디렉터리 목록 획득을 성공하였습니다
. 2026-10-06 11:17:54.068 ..;D;0;1899-12-30T09:00:00.000Z;0;"" [0];"" [0];---------;0
. 2026-10-06 11:17:54.068 dugolbi-che.svg;-;5807;2026-10-06T01:01:00.000Z;1;"woc288" [0];"woc288" [0];rw-r--r--;0
. 2026-10-06 11:17:54.068 education-card-01.png;-;177491;2026-10-06T01:01:00.000Z;1;"woc288" [0];"woc288" [0];rw-r--r--;0
. 2026-10-06 11:17:54.068 education-card-02.png;-;193801;2026-10-06T01:01:00.000Z;1;"woc288" [0];"woc288" [0];rw-r--r--;0
. 2026-10-06 11:17:54.068 education-card-03.png;-;179239;2026-10-06T01:01:00.000Z;1;"woc288" [0];"woc288" [0];rw-r--r--;0
. 2026-10-06 11:17:54.068 education-panel.png;-;850724;2026-10-06T01:01:00.000Z;1;"woc288" [0];"woc288" [0];rw-r--r--;0
. 2026-10-06 11:17:54.068 top-section-bg.png;-;1750403;2026-10-06T01:01:00.000Z;1;"woc288" [0];"woc288" [0];rw-r--r--;0
. 2026-10-06 11:17:54.068 Remote file '/www/images/signature/dugolbi-che.svg' [2026-10-06T01:01:00.000Z] [5807] is modified comparing to local file 'E:\김태호\업체별 작업\두골비\www\images\signature\dugolbi-che.svg' [2026-09-28T00:36:38.019Z] [5807]
. 2026-10-06 11:17:54.068 Remote file '/www/images/signature/education-card-01.png' [2026-10-06T01:01:00.000Z] [177491] is modified comparing to local file 'E:\김태호\업체별 작업\두골비\www\images\signature\education-card-01.png' [2026-09-28T06:56:10.428Z] [177491]
. 2026-10-06 11:17:54.068 Remote file '/www/images/signature/education-card-02.png' [2026-10-06T01:01:00.000Z] [193801] is modified comparing to local file 'E:\김태호\업체별 작업\두골비\www\images\signature\education-card-02.png' [2026-09-28T06:56:10.772Z] [193801]
. 2026-10-06 11:17:54.068 Remote file '/www/images/signature/education-card-03.png' [2026-10-06T01:01:00.000Z] [179239] is modified comparing to local file 'E:\김태호\업체별 작업\두골비\www\images\signature\education-card-03.png' [2026-09-28T06:56:10.815Z] [179239]
. 2026-10-06 11:17:54.068 Remote file '/www/images/signature/education-panel.png' [2026-10-06T01:01:00.000Z] [850724] is modified comparing to local file 'E:\김태호\업체별 작업\두골비\www\images\signature\education-panel.png' [2026-09-28T06:54:52.451Z] [850724]
. 2026-10-06 11:17:54.068 Remote file '/www/images/signature/top-section-bg.png' [2026-10-06T01:01:00.000Z] [1750403] is modified comparing to local file 'E:\김태호\업체별 작업\두골비\www\images\signature\top-section-bg.png' [2026-09-28T06:49:20.148Z] [1750403]
. 2026-10-06 11:17:54.068 Collecting synchronization list for local directory 'E:\김태호\업체별 작업\두골비\www\images\startup' and remote directory '/www/images/startup', mode = Remote, params = 0x2 (NoConfirmation), file mask = '| .git/; .codex/; .agents/; ai/; font/; .gitignore; AGENTS.md; DELIVERY_CHECK.md; PC-REFACTOR.md; CSS_MERGE_PROGRESS.md; RESPONSIVE_PROGRESS.md; deploy.bat; deploy.txt; deploy.log; router.php; www.zip'
. 2026-10-06 11:17:54.069 Local file 'E:\김태호\업체별 작업\두골비\www\images\startup\.' [2026-09-29T00:29:38.375Z] [0] excluded from synchronization
. 2026-10-06 11:17:54.069 Local file 'E:\김태호\업체별 작업\두골비\www\images\startup\..' [2026-09-29T00:29:38.375Z] [0] excluded from synchronization
. 2026-10-06 11:17:54.069 Local file 'E:\김태호\업체별 작업\두골비\www\images\startup\course-panel.png' [2026-09-28T09:03:56.391Z] [514336] included to synchronization
. 2026-10-06 11:17:54.069 Local file 'E:\김태호\업체별 작업\두골비\www\images\startup\curriculum-face.png' [2026-09-28T09:07:51.227Z] [623070] included to synchronization
. 2026-10-06 11:17:54.069 Local file 'E:\김태호\업체별 작업\두골비\www\images\startup\point-01.png' [2026-09-28T09:07:02.306Z] [1766] included to synchronization
. 2026-10-06 11:17:54.069 Local file 'E:\김태호\업체별 작업\두골비\www\images\startup\point-02.png' [2026-09-28T09:07:02.308Z] [1863] included to synchronization
. 2026-10-06 11:17:54.069 Local file 'E:\김태호\업체별 작업\두골비\www\images\startup\point-03.png' [2026-09-28T09:07:02.309Z] [2864] included to synchronization
. 2026-10-06 11:17:54.069 Local file 'E:\김태호\업체별 작업\두골비\www\images\startup\point-04.png' [2026-09-28T09:07:02.312Z] [8162] included to synchronization
. 2026-10-06 11:17:54.069 Local file 'E:\김태호\업체별 작업\두골비\www\images\startup\top-section-bg.png' [2026-09-28T00:38:06.207Z] [1877527] included to synchronization
. 2026-10-06 11:17:54.069 디렉터리 목록을 가져오는 중...
> 2026-10-06 11:17:54.069 CWD /www/images/startup
< 2026-10-06 11:17:54.079 250 CWD command successful
> 2026-10-06 11:17:54.079 PWD
< 2026-10-06 11:17:54.088 257 "/www/images/startup" is the current directory
> 2026-10-06 11:17:54.089 TYPE A
< 2026-10-06 11:17:54.097 200 Type set to A
> 2026-10-06 11:17:54.097 PASV
< 2026-10-06 11:17:54.106 227 Entering Passive Mode (222,122,39,25,121,1).
> 2026-10-06 11:17:54.106 LIST -a
. 2026-10-06 11:17:54.106 222.122.39.25:30977에 접속 중...
< 2026-10-06 11:17:54.125 150 Opening ASCII mode data connection for file list
. 2026-10-06 11:17:54.128 drwxr-xr-x   2 woc288   woc288       4096 Oct  2 17:52 .
. 2026-10-06 11:17:54.128 drwxr-xr-x  18 woc288   woc288       4096 Oct  2 17:52 ..
. 2026-10-06 11:17:54.128 -rw-r--r--   1 woc288   woc288     514336 Oct  6 10:01 course-panel.png
. 2026-10-06 11:17:54.128 -rw-r--r--   1 woc288   woc288     623070 Oct  6 10:01 curriculum-face.png
. 2026-10-06 11:17:54.128 -rw-r--r--   1 woc288   woc288       1766 Oct  6 10:01 point-01.png
. 2026-10-06 11:17:54.128 -rw-r--r--   1 woc288   woc288       1863 Oct  6 10:01 point-02.png
. 2026-10-06 11:17:54.128 -rw-r--r--   1 woc288   woc288       2864 Oct  6 10:01 point-03.png
. 2026-10-06 11:17:54.128 -rw-r--r--   1 woc288   woc288       8162 Oct  6 10:01 point-04.png
. 2026-10-06 11:17:54.128 -rw-r--r--   1 woc288   woc288    1877527 Oct  6 10:01 top-section-bg.png
. 2026-10-06 11:17:54.128 Data connection closed
< 2026-10-06 11:17:54.137 226 Transfer complete
. 2026-10-06 11:17:54.137 디렉터리 목록 획득을 성공하였습니다
. 2026-10-06 11:17:54.137 ..;D;0;1899-12-30T09:00:00.000Z;0;"" [0];"" [0];---------;0
. 2026-10-06 11:17:54.137 course-panel.png;-;514336;2026-10-06T01:01:00.000Z;1;"woc288" [0];"woc288" [0];rw-r--r--;0
. 2026-10-06 11:17:54.137 curriculum-face.png;-;623070;2026-10-06T01:01:00.000Z;1;"woc288" [0];"woc288" [0];rw-r--r--;0
. 2026-10-06 11:17:54.137 point-01.png;-;1766;2026-10-06T01:01:00.000Z;1;"woc288" [0];"woc288" [0];rw-r--r--;0
. 2026-10-06 11:17:54.137 point-02.png;-;1863;2026-10-06T01:01:00.000Z;1;"woc288" [0];"woc288" [0];rw-r--r--;0
. 2026-10-06 11:17:54.137 point-03.png;-;2864;2026-10-06T01:01:00.000Z;1;"woc288" [0];"woc288" [0];rw-r--r--;0
. 2026-10-06 11:17:54.137 point-04.png;-;8162;2026-10-06T01:01:00.000Z;1;"woc288" [0];"woc288" [0];rw-r--r--;0
. 2026-10-06 11:17:54.137 top-section-bg.png;-;1877527;2026-10-06T01:01:00.000Z;1;"woc288" [0];"woc288" [0];rw-r--r--;0
. 2026-10-06 11:17:54.137 Remote file '/www/images/startup/course-panel.png' [2026-10-06T01:01:00.000Z] [514336] is modified comparing to local file 'E:\김태호\업체별 작업\두골비\www\images\startup\course-panel.png' [2026-09-28T09:03:56.391Z] [514336]
. 2026-10-06 11:17:54.137 Remote file '/www/images/startup/curriculum-face.png' [2026-10-06T01:01:00.000Z] [623070] is modified comparing to local file 'E:\김태호\업체별 작업\두골비\www\images\startup\curriculum-face.png' [2026-09-28T09:07:51.227Z] [623070]
. 2026-10-06 11:17:54.137 Remote file '/www/images/startup/point-01.png' [2026-10-06T01:01:00.000Z] [1766] is modified comparing to local file 'E:\김태호\업체별 작업\두골비\www\images\startup\point-01.png' [2026-09-28T09:07:02.306Z] [1766]
. 2026-10-06 11:17:54.137 Remote file '/www/images/startup/point-02.png' [2026-10-06T01:01:00.000Z] [1863] is modified comparing to local file 'E:\김태호\업체별 작업\두골비\www\images\startup\point-02.png' [2026-09-28T09:07:02.308Z] [1863]
. 2026-10-06 11:17:54.137 Remote file '/www/images/startup/point-03.png' [2026-10-06T01:01:00.000Z] [2864] is modified comparing to local file 'E:\김태호\업체별 작업\두골비\www\images\startup\point-03.png' [2026-09-28T09:07:02.309Z] [2864]
. 2026-10-06 11:17:54.137 Remote file '/www/images/startup/point-04.png' [2026-10-06T01:01:00.000Z] [8162] is modified comparing to local file 'E:\김태호\업체별 작업\두골비\www\images\startup\point-04.png' [2026-09-28T09:07:02.312Z] [8162]
. 2026-10-06 11:17:54.137 Remote file '/www/images/startup/top-section-bg.png' [2026-10-06T01:01:00.000Z] [1877527] is modified comparing to local file 'E:\김태호\업체별 작업\두골비\www\images\startup\top-section-bg.png' [2026-09-28T00:38:06.207Z] [1877527]
. 2026-10-06 11:17:54.138 Remote file '/www/index.html' [2026-10-06T01:01:00.000Z] [44514] is modified comparing to local file 'E:\김태호\업체별 작업\두골비\www\index.html' [2026-10-06T00:12:29.225Z] [45395]
. 2026-10-06 11:17:54.141 Remote file '/www/inquiry-session.php' [2026-10-06T01:25:00.000Z] [420] is modified comparing to local file 'E:\김태호\업체별 작업\두골비\www\inquiry-session.php' [2026-10-06T00:12:29.226Z] [435]
. 2026-10-06 11:17:54.141 Remote file '/www/introduce-educators.html' [2026-10-06T01:01:00.000Z] [13203] is modified comparing to local file 'E:\김태호\업체별 작업\두골비\www\introduce-educators.html' [2026-10-06T00:12:29.273Z] [13386]
. 2026-10-06 11:17:54.141 Remote file '/www/introduce.html' [2026-10-06T01:01:00.000Z] [9086] is modified comparing to local file 'E:\김태호\업체별 작업\두골비\www\introduce.html' [2026-10-06T00:12:29.275Z] [9208]
. 2026-10-06 11:17:54.141 Collecting synchronization list for local directory 'E:\김태호\업체별 작업\두골비\www\js' and remote directory '/www/js', mode = Remote, params = 0x2 (NoConfirmation), file mask = '| .git/; .codex/; .agents/; ai/; font/; .gitignore; AGENTS.md; DELIVERY_CHECK.md; PC-REFACTOR.md; CSS_MERGE_PROGRESS.md; RESPONSIVE_PROGRESS.md; deploy.bat; deploy.txt; deploy.log; router.php; www.zip'
. 2026-10-06 11:17:54.142 Local file 'E:\김태호\업체별 작업\두골비\www\js\.' [2026-10-06T00:12:29.304Z] [0] excluded from synchronization
. 2026-10-06 11:17:54.142 Local file 'E:\김태호\업체별 작업\두골비\www\js\..' [2026-10-06T00:12:29.304Z] [0] excluded from synchronization
. 2026-10-06 11:17:54.142 Local file 'E:\김태호\업체별 작업\두골비\www\js\brand-story.js' [2026-10-02T07:48:01.705Z] [4248] included to synchronization
. 2026-10-06 11:17:54.142 Local file 'E:\김태호\업체별 작업\두골비\www\js\category-filter.js' [2026-10-02T08:09:13.413Z] [4934] included to synchronization
. 2026-10-06 11:17:54.142 Local file 'E:\김태호\업체별 작업\두골비\www\js\common.js' [2026-10-06T00:36:34.616Z] [14559] included to synchronization
. 2026-10-06 11:17:54.142 Local file 'E:\김태호\업체별 작업\두골비\www\js\content.js' [2026-10-06T00:12:29.280Z] [1796] included to synchronization
. 2026-10-06 11:17:54.142 Local file 'E:\김태호\업체별 작업\두골비\www\js\curriculum.js' [2026-10-02T01:12:56.636Z] [1587] included to synchronization
. 2026-10-06 11:17:54.142 Local file 'E:\김태호\업체별 작업\두골비\www\js\index.js' [2026-10-06T00:12:29.281Z] [14886] included to synchronization
. 2026-10-06 11:17:54.142 Local file 'E:\김태호\업체별 작업\두골비\www\js\modify.js' [2026-10-06T00:12:29.297Z] [11591] included to synchronization
. 2026-10-06 11:17:54.142 Local file 'E:\김태호\업체별 작업\두골비\www\js\montly-detail.js' [2026-10-01T07:52:08.585Z] [1719] included to synchronization
. 2026-10-06 11:17:54.142 Local file 'E:\김태호\업체별 작업\두골비\www\js\montly.js' [2026-10-06T00:36:34.620Z] [8120] included to synchronization
. 2026-10-06 11:17:54.142 Local file 'E:\김태호\업체별 작업\두골비\www\js\promotion.js' [2026-10-06T00:12:29.302Z] [3526] included to synchronization
. 2026-10-06 11:17:54.142 Local file 'E:\김태호\업체별 작업\두골비\www\js\schedule.js' [2026-10-06T00:12:29.304Z] [14990] included to synchronization
. 2026-10-06 11:17:54.142 디렉터리 목록을 가져오는 중...
> 2026-10-06 11:17:54.142 CWD /www/js
< 2026-10-06 11:17:54.151 250 CWD command successful
> 2026-10-06 11:17:54.151 PWD
< 2026-10-06 11:17:54.159 257 "/www/js" is the current directory
> 2026-10-06 11:17:54.159 TYPE A
< 2026-10-06 11:17:54.167 200 Type set to A
> 2026-10-06 11:17:54.168 PASV
< 2026-10-06 11:17:54.176 227 Entering Passive Mode (222,122,39,25,155,61).
> 2026-10-06 11:17:54.176 LIST -a
. 2026-10-06 11:17:54.176 222.122.39.25:39741에 접속 중...
< 2026-10-06 11:17:54.194 150 Opening ASCII mode data connection for file list
. 2026-10-06 11:17:54.196 drwxr-xr-x   2 woc288   woc288       4096 Oct  2 17:52 .
. 2026-10-06 11:17:54.196 drwxr-x---   5 woc288   woc288       4096 Oct  6 10:25 ..
. 2026-10-06 11:17:54.196 -rw-r--r--   1 woc288   woc288       4070 Oct  6 10:01 brand-story.js
. 2026-10-06 11:17:54.196 -rw-r--r--   1 woc288   woc288       4819 Oct  6 10:01 category-filter.js
. 2026-10-06 11:17:54.196 -rw-r--r--   1 woc288   woc288      14165 Oct  6 10:01 common.js
. 2026-10-06 11:17:54.196 -rw-r--r--   1 woc288   woc288       1753 Oct  6 10:01 content.js
. 2026-10-06 11:17:54.196 -rw-r--r--   1 woc288   woc288       1545 Oct  6 10:01 curriculum.js
. 2026-10-06 11:17:54.196 -rw-r--r--   1 woc288   woc288      14454 Oct  6 10:01 index.js
. 2026-10-06 11:17:54.196 -rw-r--r--   1 woc288   woc288      11348 Oct  6 10:01 modify.js
. 2026-10-06 11:17:54.196 -rw-r--r--   1 woc288   woc288       1719 Oct  6 10:01 montly-detail.js
. 2026-10-06 11:17:54.196 -rw-r--r--   1 woc288   woc288       7982 Oct  6 10:01 montly.js
. 2026-10-06 11:17:54.196 -rw-r--r--   1 woc288   woc288       3466 Oct  6 10:01 promotion.js
. 2026-10-06 11:17:54.196 -rw-r--r--   1 woc288   woc288      14920 Oct  6 10:54 schedule.js
. 2026-10-06 11:17:54.196 Data connection closed
< 2026-10-06 11:17:54.204 226 Transfer complete
. 2026-10-06 11:17:54.204 디렉터리 목록 획득을 성공하였습니다
. 2026-10-06 11:17:54.204 ..;D;0;1899-12-30T09:00:00.000Z;0;"" [0];"" [0];---------;0
. 2026-10-06 11:17:54.204 brand-story.js;-;4070;2026-10-06T01:01:00.000Z;1;"woc288" [0];"woc288" [0];rw-r--r--;0
. 2026-10-06 11:17:54.204 category-filter.js;-;4819;2026-10-06T01:01:00.000Z;1;"woc288" [0];"woc288" [0];rw-r--r--;0
. 2026-10-06 11:17:54.204 common.js;-;14165;2026-10-06T01:01:00.000Z;1;"woc288" [0];"woc288" [0];rw-r--r--;0
. 2026-10-06 11:17:54.204 content.js;-;1753;2026-10-06T01:01:00.000Z;1;"woc288" [0];"woc288" [0];rw-r--r--;0
. 2026-10-06 11:17:54.204 curriculum.js;-;1545;2026-10-06T01:01:00.000Z;1;"woc288" [0];"woc288" [0];rw-r--r--;0
. 2026-10-06 11:17:54.204 index.js;-;14454;2026-10-06T01:01:00.000Z;1;"woc288" [0];"woc288" [0];rw-r--r--;0
. 2026-10-06 11:17:54.205 modify.js;-;11348;2026-10-06T01:01:00.000Z;1;"woc288" [0];"woc288" [0];rw-r--r--;0
. 2026-10-06 11:17:54.205 montly-detail.js;-;1719;2026-10-06T01:01:00.000Z;1;"woc288" [0];"woc288" [0];rw-r--r--;0
. 2026-10-06 11:17:54.205 montly.js;-;7982;2026-10-06T01:01:00.000Z;1;"woc288" [0];"woc288" [0];rw-r--r--;0
. 2026-10-06 11:17:54.205 promotion.js;-;3466;2026-10-06T01:01:00.000Z;1;"woc288" [0];"woc288" [0];rw-r--r--;0
. 2026-10-06 11:17:54.205 schedule.js;-;14920;2026-10-06T01:54:00.000Z;1;"woc288" [0];"woc288" [0];rw-r--r--;0
. 2026-10-06 11:17:54.215 Remote file '/www/js/brand-story.js' [2026-10-06T01:01:00.000Z] [4070] is modified comparing to local file 'E:\김태호\업체별 작업\두골비\www\js\brand-story.js' [2026-10-02T07:48:01.705Z] [4248]
. 2026-10-06 11:17:54.215 Remote file '/www/js/category-filter.js' [2026-10-06T01:01:00.000Z] [4819] is modified comparing to local file 'E:\김태호\업체별 작업\두골비\www\js\category-filter.js' [2026-10-02T08:09:13.413Z] [4934]
. 2026-10-06 11:17:54.215 Remote file '/www/js/common.js' [2026-10-06T01:01:00.000Z] [14165] is modified comparing to local file 'E:\김태호\업체별 작업\두골비\www\js\common.js' [2026-10-06T00:36:34.616Z] [14559]
. 2026-10-06 11:17:54.215 Remote file '/www/js/content.js' [2026-10-06T01:01:00.000Z] [1753] is modified comparing to local file 'E:\김태호\업체별 작업\두골비\www\js\content.js' [2026-10-06T00:12:29.280Z] [1796]
. 2026-10-06 11:17:54.215 Remote file '/www/js/curriculum.js' [2026-10-06T01:01:00.000Z] [1545] is modified comparing to local file 'E:\김태호\업체별 작업\두골비\www\js\curriculum.js' [2026-10-02T01:12:56.636Z] [1587]
. 2026-10-06 11:17:54.215 Remote file '/www/js/index.js' [2026-10-06T01:01:00.000Z] [14454] is modified comparing to local file 'E:\김태호\업체별 작업\두골비\www\js\index.js' [2026-10-06T00:12:29.281Z] [14886]
. 2026-10-06 11:17:54.215 Remote file '/www/js/modify.js' [2026-10-06T01:01:00.000Z] [11348] is modified comparing to local file 'E:\김태호\업체별 작업\두골비\www\js\modify.js' [2026-10-06T00:12:29.297Z] [11591]
. 2026-10-06 11:17:54.215 Remote file '/www/js/montly-detail.js' [2026-10-06T01:01:00.000Z] [1719] is modified comparing to local file 'E:\김태호\업체별 작업\두골비\www\js\montly-detail.js' [2026-10-01T07:52:08.585Z] [1719]
. 2026-10-06 11:17:54.215 Remote file '/www/js/montly.js' [2026-10-06T01:01:00.000Z] [7982] is modified comparing to local file 'E:\김태호\업체별 작업\두골비\www\js\montly.js' [2026-10-06T00:36:34.620Z] [8120]
. 2026-10-06 11:17:54.215 Remote file '/www/js/promotion.js' [2026-10-06T01:01:00.000Z] [3466] is modified comparing to local file 'E:\김태호\업체별 작업\두골비\www\js\promotion.js' [2026-10-06T00:12:29.302Z] [3526]
. 2026-10-06 11:17:54.215 Remote file '/www/js/schedule.js' [2026-10-06T01:54:00.000Z] [14920] is modified comparing to local file 'E:\김태호\업체별 작업\두골비\www\js\schedule.js' [2026-10-06T00:12:29.304Z] [14990]
. 2026-10-06 11:17:54.216 Remote file '/www/mail-send.php' [2026-10-06T01:01:00.000Z] [7618] is modified comparing to local file 'E:\김태호\업체별 작업\두골비\www\mail-send.php' [2026-10-06T00:12:29.306Z] [7925]
. 2026-10-06 11:17:54.216 Remote file '/www/montly-detail.html' [2026-10-06T01:00:00.000Z] [1906] is modified comparing to local file 'E:\김태호\업체별 작업\두골비\www\montly-detail.html' [2026-10-06T00:12:29.309Z] [1947]
. 2026-10-06 11:17:54.216 Remote file '/www/montly.html' [2026-10-06T01:01:00.000Z] [2238] is modified comparing to local file 'E:\김태호\업체별 작업\두골비\www\montly.html' [2026-10-06T00:12:29.311Z] [2280]
. 2026-10-06 11:17:54.216 Remote file '/www/network.html' [2026-10-06T01:00:00.000Z] [15046] is modified comparing to local file 'E:\김태호\업체별 작업\두골비\www\network.html' [2026-10-06T00:12:29.313Z] [15357]
. 2026-10-06 11:17:54.216 Remote file '/www/news.html' [2026-10-06T01:00:00.000Z] [2561] is modified comparing to local file 'E:\김태호\업체별 작업\두골비\www\news.html' [2026-10-06T00:12:29.316Z] [2600]
. 2026-10-06 11:17:54.216 Remote file '/www/notice.html' [2026-10-06T01:00:00.000Z] [2587] is modified comparing to local file 'E:\김태호\업체별 작업\두골비\www\notice.html' [2026-10-06T00:12:29.318Z] [2626]
. 2026-10-06 11:17:54.216 Remote file '/www/promotion-detail.html' [2026-10-06T01:00:00.000Z] [1725] is modified comparing to local file 'E:\김태호\업체별 작업\두골비\www\promotion-detail.html' [2026-10-06T00:12:29.320Z] [1755]
. 2026-10-06 11:17:54.216 Remote file '/www/promotion-preview.html' [2026-10-06T01:00:00.000Z] [2549] is modified comparing to local file 'E:\김태호\업체별 작업\두골비\www\promotion-preview.html' [2026-10-06T00:12:29.322Z] [2587]
. 2026-10-06 11:17:54.216 Remote file '/www/qna.html' [2026-10-06T01:00:00.000Z] [2560] is modified comparing to local file 'E:\김태호\업체별 작업\두골비\www\qna.html' [2026-10-06T00:12:29.324Z] [2599]
. 2026-10-06 11:17:54.216 Remote file '/www/results.html' [2026-10-06T01:00:00.000Z] [10037] is modified comparing to local file 'E:\김태호\업체별 작업\두골비\www\results.html' [2026-10-06T00:12:29.326Z] [10210]
. 2026-10-06 11:17:54.216 Remote file '/www/review.html' [2026-10-06T01:00:00.000Z] [2596] is modified comparing to local file 'E:\김태호\업체별 작업\두골비\www\review.html' [2026-10-06T00:12:29.328Z] [2635]
. 2026-10-06 11:17:54.216 Remote file '/www/schedule.html' [2026-10-06T01:54:00.000Z] [7506] is modified comparing to local file 'E:\김태호\업체별 작업\두골비\www\schedule.html' [2026-10-06T00:12:29.333Z] [5609]
. 2026-10-06 11:17:54.216 Remote file '/www/signature.html' [2026-10-02T08:52:00.000Z] [13544] is new
. 2026-10-06 11:17:54.216 Remote file '/www/signature01.html' [2026-10-06T01:00:00.000Z] [13545] is modified comparing to local file 'E:\김태호\업체별 작업\두골비\www\signature01.html' [2026-10-06T00:12:29.335Z] [13826]
. 2026-10-06 11:17:54.216 Remote file '/www/signature02.html' [2026-10-06T01:01:00.000Z] [11371] is modified comparing to local file 'E:\김태호\업체별 작업\두골비\www\signature02.html' [2026-10-06T00:12:29.336Z] [11627]
. 2026-10-06 11:17:54.216 Remote file '/www/signature03.html' [2026-10-06T01:01:00.000Z] [13674] is modified comparing to local file 'E:\김태호\업체별 작업\두골비\www\signature03.html' [2026-10-06T00:12:29.339Z] [13956]
. 2026-10-06 11:17:54.216 Remote file '/www/startup.html' [2026-10-06T01:01:00.000Z] [9953] is modified comparing to local file 'E:\김태호\업체별 작업\두골비\www\startup.html' [2026-10-06T00:12:29.341Z] [10080]
< 2026-10-06 11:17:54.217 Script: 동기화 중...
. 2026-10-06 11:17:54.217 Synchronizing local directory 'E:\김태호\업체별 작업\두골비\www\' with remote directory '/www/', params = 0x2 (NoConfirmation)
. 2026-10-06 11:17:54.217 Copying 1 files/directories to remote directory "/www/" - total size: 2,917
. 2026-10-06 11:17:54.217   PrTime: Yes; PrRO: No; Rght: rw-r--r--; PrR: No (No); FnCs: N; RIC: 0001; Resume: S (102400); CalcS: No; Mask: *.*
. 2026-10-06 11:17:54.217   TM: B; ClAr: No; RemEOF: No; RemBOM: No; CPS: 0; NewerOnly: No; EncryptNewFiles: Yes; ExcludeHiddenFiles: No; ExcludeEmptyDirectories: No; InclM: | .git/; .codex/; .agents/; ai/; font/; .gitignore; AGENTS.md; DELIVERY_CHECK.md; PC-REFACTOR.md; CSS_MERGE_PROGRESS.md; RESPONSIVE_PROGRESS.md; deploy.bat; deploy.txt; deploy.log; router.php; www.zip; ResumeL: 0
. 2026-10-06 11:17:54.217   AscM: *.*html; *.htm; *.txt; *.php; *.php3; *.cgi; *.c; *.cpp; *.h; *.pas; *.bas; *.tex; *.pl; *.js; .htaccess; *.xtml; *.css; *.cfg; *.ini; *.sh; *.xml
. 2026-10-06 11:17:54.218 File: 'E:\김태호\업체별 작업\두골비\www\footer.html' [2026-10-06T02:14:51.728Z] [2917]
< 2026-10-06 11:17:54.218 Script: 로컬 'E:\김태호\업체별 작업\두골비\www' => 원격 '/www'
. 2026-10-06 11:17:54.218 Copying "E:\김태호\업체별 작업\두골비\www\footer.html" to remote directory started.
. 2026-10-06 11:17:54.218 Binary transfer mode selected.
. 2026-10-06 11:17:54.218 E:\김태호\업체별 작업\두골비\www\footer.html의 업로드를 시작 중 입니다
> 2026-10-06 11:17:54.218 CWD /www
< 2026-10-06 11:17:54.227 250 CWD command successful
> 2026-10-06 11:17:54.227 PWD
< 2026-10-06 11:17:54.235 257 "/www" is the current directory
> 2026-10-06 11:17:54.235 TYPE I
< 2026-10-06 11:17:54.243 200 Type set to I
> 2026-10-06 11:17:54.243 PASV
< 2026-10-06 11:17:54.252 227 Entering Passive Mode (222,122,39,25,137,112).
> 2026-10-06 11:17:54.252 STOR footer.html
. 2026-10-06 11:17:54.252 222.122.39.25:35184에 접속 중...
< 2026-10-06 11:17:54.271 150 Opening BINARY mode data connection for footer.html
< 2026-10-06 11:17:54.281 226 Transfer complete
> 2026-10-06 11:17:54.281 MDTM 20261006021451 footer.html
< 2026-10-06 11:17:54.289 550 20261006021451 footer.html: No such file or directory
. 2026-10-06 11:17:54.289 업로드가 성공하였습니다
. 2026-10-06 11:17:54.289 Transfer done: 'E:\김태호\업체별 작업\두골비\www\footer.html' => '/www/footer.html' [2917]
. 2026-10-06 11:17:54.289 Copying finished: Transferred: 2,917, Elapsed: 0:00:00, CPS: 40,513/s
> 2026-10-06 11:17:54.290 Script: exit
. 2026-10-06 11:17:54.290 Script: Exit code: 0
. 2026-10-06 11:17:54.297 서버로부터 접속이 끊어졌습니다
